CongressionalDistrict,Branch,Year,Constitutional (0-1),State
AK-00,house,2011,0.13,AK
AL-04,house,2011,0.2,AL
AL-06,house,2011,0.0,AL
AL-01,house,2011,0.0,AL
AL-05,house,2011,0.4,AL
AL-02,house,2011,0.13,AL
AL-03,house,2011,0.0,AL
AR-01,house,2011,0.07,AR
AR-02,house,2011,0.07,AR
AR-03,house,2011,0.07,AR
AZ-06,house,2011,0.73,AZ
AZ-02,house,2011,0.67,AZ
AZ-01,house,2011,0.07,AZ
AZ-03,house,2011,0.47,AZ
AZ-05,house,2011,0.67,AZ
CA-05,house,2011,0.02,CA
CA-04,house,2011,0.2,CA
CA-01,house,2011,0.06,CA
CA-02,house,2011,0.06,CA
CA-03,house,2011,0.02,CA
CO-06,house,2011,0.33,CO
CO-04,house,2011,0.27,CO
CO-05,house,2011,0.53,CO
CO-03,house,2011,0.53,CO
FL-02,house,2011,0.15,FL
FL-09,house,2011,0.07,FL
FL-01,house,2011,0.16,FL
FL-04,house,2011,0.0,FL
FL-07,house,2011,0.0,FL
FL-05,house,2011,0.13,FL
FL-06,house,2011,0.4,FL
FL-08,house,2011,0.13,FL
GA-01,house,2011,0.4,GA
GA-09,house,2011,0.67,GA
GA-06,house,2011,0.2,GA
GA-08,house,2011,0.2,GA
GA-03,house,2011,0.4,GA
GA-07,house,2011,0.27,GA
IA-05,house,2011,0.53,IA
IA-04,house,2011,0.07,IA
ID-01,house,2011,0.67,ID
ID-02,house,2011,0.07,ID
IL-01,house,2011,0.18,IL
IL-06,house,2011,0.0,IL
IL-08,house,2011,0.67,IL
IN-08,house,2011,0.2,IN
IN-05,house,2011,0.4,IN
IN-06,house,2011,0.27,IN
IN-04,house,2011,0.27,IN
IN-03,house,2011,0.53,IN
IN-09,house,2011,0.07,IN
KS-01,house,2011,0.6,KS
KS-02,house,2011,0.13,KS
KS-04,house,2011,0.27,KS
KS-03,house,2011,0.33,KS
KY-04,house,2011,0.07,KY
KY-02,house,2011,0.0,KY
KY-05,house,2011,0.0,KY
KY-01,house,2011,0.0,KY
LA-05,house,2011,0.0,LA
LA-07,house,2011,0.13,LA
LA-06,house,2011,0.0,LA
LA-04,house,2011,0.53,LA
LA-03,house,2011,0.4,LA
LA-01,house,2011,0.07,LA
MD-06,house,2011,0.4,MD
MD-01,house,2011,0.67,MD
MI-03,house,2011,0.93,MI
MI-01,house,2011,0.09,MI
MI-04,house,2011,0.07,MI
MI-02,house,2011,0.47,MI
MI-08,house,2011,0.07,MI
MI-06,house,2011,0.07,MI
MI-07,house,2011,0.27,MI
MN-06,house,2011,0.33,MN
MN-08,house,2011,0.2,MN
MN-02,house,2011,0.0,MN
MN-03,house,2011,0.07,MN
MO-02,house,2011,0.33,MO
MO-08,house,2011,0.0,MO
MO-06,house,2011,0.07,MO
MO-04,house,2011,0.2,MO
MO-07,house,2011,0.13,MO
MO-09,house,2011,0.0,MO
MS-03,house,2011,0.07,MS
MS-01,house,2011,0.07,MS
MS-04,house,2011,0.07,MS
MT-00,house,2011,0.33,MT
NC-06,house,2011,0.07,NC
NC-02,house,2011,0.07,NC
NC-05,house,2011,0.13,NC
NC-03,house,2011,0.67,NC
NC-01,house,2011,0.09,NC
NC-09,house,2011,0.07,NC
ND-00,house,2011,0.07,ND
NE-01,house,2011,0.07,NE
NE-03,house,2011,0.0,NE
NE-02,house,2011,0.13,NE
NH-02,house,2011,0.0,NH
NH-01,house,2011,0.2,NH
NJ-01,house,2011,0.01,NJ
NJ-05,house,2011,0.53,NJ
NJ-07,house,2011,0.0,NJ
NJ-02,house,2011,0.0,NJ
NJ-03,house,2011,0.0,NJ
NJ-04,house,2011,0.07,NJ
NM-02,house,2011,0.4,NM
NV-02,house,2011,0.67,NV
NV-03,house,2011,0.13,NV
NY-02,house,2011,0.08,NY
NY-01,house,2011,0.02,NY
NY-03,house,2011,0.0,NY
NY-09,house,2011,0.0,NY
OH-07,house,2011,0.27,OH
OH-08,house,2011,0.0,OH
OH-01,house,2011,0.05,OH
OH-06,house,2011,0.07,OH
OH-04,house,2011,0.53,OH
OH-05,house,2011,0.07,OH
OH-02,house,2011,0.33,OH
OH-03,house,2011,0.2,OH
OK-04,house,2011,0.0,OK
OK-05,house,2011,0.13,OK
OK-03,house,2011,0.0,OK
OK-01,house,2011,0.27,OK
OR-02,house,2011,0.0,OR
PA-01,house,2011,0.12,PA
PA-08,house,2011,0.2,PA
PA-06,house,2011,0.0,PA
PA-03,house,2011,0.0,PA
PA-07,house,2011,0.0,PA
PA-09,house,2011,0.0,PA
PA-05,house,2011,0.0,PA
SC-03,house,2011,0.6,SC
SC-04,house,2011,0.53,SC
SC-05,house,2011,0.53,SC
SC-01,house,2011,0.4,SC
SC-02,house,2011,0.53,SC
SD-00,house,2011,0.27,SD
TN-06,house,2011,0.07,TN
TN-07,house,2011,0.27,TN
TN-04,house,2011,0.4,TN
TN-02,house,2011,0.67,TN
TN-08,house,2011,0.2,TN
TN-03,house,2011,0.2,TN
TN-01,house,2011,0.13,TN
TX-06,house,2011,0.4,TX
TX-08,house,2011,0.13,TX
TX-02,house,2011,0.17,TX
TX-03,house,2011,0.02,TX
TX-01,house,2011,0.19,TX
TX-07,house,2011,0.07,TX
TX-04,house,2011,0.2,TX
TX-05,house,2011,0.13,TX
UT-01,house,2011,0.33,UT
UT-03,house,2011,0.47,UT
VA-07,house,2011,0.0,VA
VA-04,house,2011,0.13,VA
VA-06,house,2011,0.13,VA
VA-09,house,2011,0.53,VA
VA-05,house,2011,0.27,VA
VA-02,house,2011,0.27,VA
VA-01,house,2011,0.04,VA
WA-04,house,2011,0.0,WA
WA-03,house,2011,0.13,WA
WA-08,house,2011,0.0,WA
WA-05,house,2011,0.0,WA
WI-07,house,2011,0.13,WI
WI-06,house,2011,0.2,WI
WI-08,house,2011,0.27,WI
WI-01,house,2011,0.2,WI
WI-05,house,2011,0.33,WI
WV-02,house,2011,0.0,WV
WV-01,house,2011,0.0,WV
WY-00,house,2011,0.33,WY
AL-07,house,2011,0.16,AL
AR-04,house,2011,0.53,AR
AZ-08,house,2011,0.0,AZ
AZ-07,house,2011,0.05,AZ
AZ-04,house,2011,0.0,AZ
CA-09,house,2011,0.05,CA
CA-07,house,2011,0.05,CA
CA-08,house,2011,0.0,CA
CA-06,house,2011,0.05,CA
CO-01,house,2011,0.0,CO
CO-07,house,2011,0.0,CO
CO-02,house,2011,0.05,CO
CT-02,house,2011,0.0,CT
CT-03,house,2011,0.0,CT
CT-04,house,2011,0.0,CT
CT-01,house,2011,0.0,CT
CT-05,house,2011,0.0,CT
DE-00,house,2011,0.05,DE
FL-03,house,2011,0.0,FL
GA-02,house,2011,0.21,GA
GA-04,house,2011,0.0,GA
GA-05,house,2011,0.05,GA
HI-01,house,2011,0.0,HI
HI-02,house,2011,0.0,HI
IA-03,house,2011,0.21,IA
IA-01,house,2011,0.0,IA
IA-02,house,2011,0.0,IA
IL-07,house,2011,0.0,IL
IL-04,house,2011,0.05,IL
IL-02,house,2011,0.0,IL
IL-03,house,2011,0.21,IL
IL-05,house,2011,0.11,IL
IL-09,house,2011,0.05,IL
IN-07,house,2011,0.0,IN
IN-02,house,2011,0.32,IN
IN-01,house,2011,0.0,IN
KY-06,house,2011,0.42,KY
KY-03,house,2011,0.0,KY
LA-02,house,2011,0.0,LA
MA-08,house,2011,0.05,MA
MA-04,house,2011,0.05,MA
MA-01,house,2011,0.0,MA
MA-09,house,2011,0.0,MA
MA-07,house,2011,0.05,MA
MA-03,house,2011,0.0,MA
MA-02,house,2011,0.0,MA
MA-06,house,2011,0.0,MA
MA-05,house,2011,0.0,MA
MD-07,house,2011,0.0,MD
MD-04,house,2011,0.0,MD
MD-05,house,2011,0.0,MD
MD-02,house,2011,0.0,MD
MD-03,house,2011,0.0,MD
MD-08,house,2011,0.0,MD
ME-02,house,2011,0.05,ME
ME-01,house,2011,0.05,ME
MI-05,house,2011,0.05,MI
MI-09,house,2011,0.0,MI
MN-05,house,2011,0.05,MN
MN-04,house,2011,0.05,MN
MN-07,house,2011,0.63,MN
MN-01,house,2011,0.05,MN
MO-03,house,2011,0.0,MO
MO-01,house,2011,0.0,MO
MO-05,house,2011,0.05,MO
MS-02,house,2011,0.0,MS
NC-08,house,2011,0.16,NC
NC-07,house,2011,0.47,NC
NC-04,house,2011,0.0,NC
NJ-06,house,2011,0.0,NJ
NJ-08,house,2011,0.0,NJ
NJ-09,house,2011,0.0,NJ
NM-01,house,2011,0.0,NM
NM-03,house,2011,0.0,NM
NV-01,house,2011,0.11,NV
NY-05,house,2011,0.0,NY
NY-07,house,2011,0.0,NY
NY-04,house,2011,0.0,NY
NY-06,house,2011,0.0,NY
NY-08,house,2011,0.0,NY
OH-09,house,2011,0.05,OH
OK-02,house,2011,0.74,OK
OR-03,house,2011,0.0,OR
OR-04,house,2011,0.11,OR
OR-05,house,2011,0.26,OR
OR-01,house,2011,0.0,OR
PA-04,house,2011,0.68,PA
PA-02,house,2011,0.0,PA
RI-01,house,2011,0.0,RI
RI-02,house,2011,0.0,RI
SC-06,house,2011,0.05,SC
TN-09,house,2011,0.0,TN
TN-05,house,2011,0.32,TN
TX-09,house,2011,0.0,TX
UT-02,house,2011,0.63,UT
VA-08,house,2011,0.0,VA
VA-03,house,2011,0.0,VA
VT-00,house,2011,0.05,VT
WA-06,house,2011,0.0,WA
WA-01,house,2011,0.0,WA
WA-02,house,2011,0.05,WA
WA-07,house,2011,0.0,WA
WA-09,house,2011,0.0,WA
WI-02,house,2011,0.0,WI
WI-03,house,2011,0.05,WI
WI-04,house,2011,0.0,WI
WV-03,house,2011,0.37,WV
N\A,senate,2011,0.12,AK
N\A,senate,2011,0.39,AL
N\A,senate,2011,0.04,AR
N\A,senate,2011,0.36,AZ
N\A,senate,2011,0.36,FL
N\A,senate,2011,0.29,GA
N\A,senate,2011,0.28,IA
N\A,senate,2011,0.57,ID
N\A,senate,2011,0.16,IL
N\A,senate,2011,0.29,IN
N\A,senate,2011,0.18,KS
N\A,senate,2011,0.54,KY
N\A,senate,2011,0.24,LA
N\A,senate,2011,0.0,MA
N\A,senate,2011,0.11,ME
N\A,senate,2011,0.16,MO
N\A,senate,2011,0.04,MS
N\A,senate,2011,0.24,NC
N\A,senate,2011,0.04,ND
N\A,senate,2011,0.16,NE
N\A,senate,2011,0.28,NH
N\A,senate,2011,0.28,NV
N\A,senate,2011,0.2,OH
N\A,senate,2011,0.64,OK
N\A,senate,2011,0.36,PA
N\A,senate,2011,0.54,SC
N\A,senate,2011,0.2,SD
N\A,senate,2011,0.25,TN
N\A,senate,2011,0.32,TX
N\A,senate,2011,0.82,UT
N\A,senate,2011,0.4,WI
N\A,senate,2011,0.29,WY
N\A,senate,2011,0.0,CA
N\A,senate,2011,0.09,CO
N\A,senate,2011,0.0,CT
N\A,senate,2011,0.0,DE
N\A,senate,2011,0.0,HI
N\A,senate,2011,0.0,MD
N\A,senate,2011,0.05,MI
N\A,senate,2011,0.0,MN
N\A,senate,2011,0.14,MT
N\A,senate,2011,0.05,NJ
N\A,senate,2011,0.05,NM
N\A,senate,2011,0.0,NY
N\A,senate,2011,0.05,OR
N\A,senate,2011,0.0,RI
N\A,senate,2011,0.05,VA
N\A,senate,2011,0.0,VT
N\A,senate,2011,0.05,WA
N\A,senate,2011,0.09,WV
AK-00,house,2012,0.07,AK
AL-04,house,2012,0.0,AL
AL-06,house,2012,0.0,AL
AL-01,house,2012,0.0,AL
AL-05,house,2012,0.43,AL
AL-02,house,2012,0.0,AL
AL-03,house,2012,0.0,AL
AR-01,house,2012,0.0,AR
AR-02,house,2012,0.07,AR
AR-03,house,2012,0.0,AR
AZ-06,house,2012,0.64,AZ
AZ-02,house,2012,0.43,AZ
AZ-01,house,2012,0.5,AZ
AZ-03,house,2012,0.5,AZ
AZ-05,house,2012,0.64,AZ
CA-05,house,2012,0.03,CA
CA-04,house,2012,0.19,CA
CA-01,house,2012,0.04,CA
CA-02,house,2012,0.05,CA
CA-03,house,2012,0.01,CA
CO-06,house,2012,0.07,CO
CO-04,house,2012,0.29,CO
CO-05,house,2012,0.29,CO
CO-03,house,2012,0.21,CO
FL-02,house,2012,0.08,FL
FL-09,house,2012,0.0,FL
FL-01,house,2012,0.14,FL
FL-04,house,2012,0.07,FL
FL-07,house,2012,0.0,FL
FL-05,house,2012,0.07,FL
FL-06,house,2012,0.43,FL
FL-08,house,2012,0.07,FL
GA-01,house,2012,0.34,GA
GA-09,house,2012,0.36,GA
GA-06,house,2012,0.29,GA
GA-08,house,2012,0.29,GA
GA-03,house,2012,0.36,GA
GA-07,house,2012,0.29,GA
IA-05,house,2012,0.07,IA
IA-04,house,2012,0.0,IA
ID-01,house,2012,0.57,ID
ID-02,house,2012,0.07,ID
IL-01,house,2012,0.12,IL
IL-06,house,2012,0.0,IL
IL-08,house,2012,0.57,IL
IN-08,house,2012,0.0,IN
IN-05,house,2012,0.07,IN
IN-06,house,2012,0.0,IN
IN-04,house,2012,0.14,IN
IN-03,house,2012,0.29,IN
IN-09,house,2012,0.07,IN
KS-01,house,2012,0.71,KS
KS-02,house,2012,0.14,KS
KS-04,house,2012,0.29,KS
KS-03,house,2012,0.21,KS
KY-04,house,2012,0.18,KY
KY-02,house,2012,0.0,KY
KY-05,house,2012,0.0,KY
KY-01,house,2012,0.14,KY
LA-05,house,2012,0.0,LA
LA-07,house,2012,0.21,LA
LA-06,house,2012,0.14,LA
LA-04,house,2012,0.36,LA
LA-03,house,2012,0.29,LA
LA-01,house,2012,0.21,LA
MD-06,house,2012,0.14,MD
MD-01,house,2012,0.29,MD
MI-03,house,2012,0.93,MI
MI-01,house,2012,0.02,MI
MI-04,house,2012,0.0,MI
MI-02,house,2012,0.43,MI
MI-08,house,2012,0.07,MI
MI-06,house,2012,0.14,MI
MI-07,house,2012,0.29,MI
MN-06,house,2012,0.36,MN
MN-08,house,2012,0.07,MN
MN-02,house,2012,0.0,MN
MN-03,house,2012,0.07,MN
MO-02,house,2012,0.14,MO
MO-08,house,2012,0.14,MO
MO-06,house,2012,0.14,MO
MO-04,house,2012,0.07,MO
MO-07,house,2012,0.0,MO
MO-09,house,2012,0.0,MO
MS-03,house,2012,0.0,MS
MS-01,house,2012,0.07,MS
MS-04,house,2012,0.14,MS
MT-00,house,2012,0.21,MT
NC-06,house,2012,0.07,NC
NC-02,house,2012,0.0,NC
NC-05,house,2012,0.43,NC
NC-03,house,2012,0.71,NC
NC-01,house,2012,0.11,NC
NC-09,house,2012,0.07,NC
ND-00,house,2012,0.07,ND
NE-01,house,2012,0.0,NE
NE-03,house,2012,0.0,NE
NE-02,house,2012,0.0,NE
NH-02,house,2012,0.14,NH
NH-01,house,2012,0.07,NH
NJ-01,house,2012,0.02,NJ
NJ-05,house,2012,0.36,NJ
NJ-07,house,2012,0.14,NJ
NJ-02,house,2012,0.21,NJ
NJ-03,house,2012,0.07,NJ
NJ-04,house,2012,0.07,NJ
NM-02,house,2012,0.07,NM
NV-02,house,2012,0.07,NV
NV-03,house,2012,0.14,NV
NY-02,house,2012,0.12,NY
NY-01,house,2012,0.0,NY
NY-03,house,2012,0.0,NY
NY-09,house,2012,0.0,NY
OH-07,house,2012,0.0,OH
OH-08,house,2012,0.0,OH
OH-01,house,2012,0.05,OH
OH-06,house,2012,0.0,OH
OH-04,house,2012,0.43,OH
OH-05,house,2012,0.14,OH
OH-02,house,2012,0.29,OH
OH-03,house,2012,0.07,OH
OK-04,house,2012,0.0,OK
OK-05,house,2012,0.14,OK
OK-03,house,2012,0.0,OK
OK-01,house,2012,0.07,OK
OR-02,house,2012,0.0,OR
PA-01,house,2012,0.09,PA
PA-08,house,2012,0.07,PA
PA-06,house,2012,0.0,PA
PA-03,house,2012,0.0,PA
PA-07,house,2012,0.0,PA
PA-09,house,2012,0.0,PA
PA-05,house,2012,0.0,PA
SC-03,house,2012,0.43,SC
SC-04,house,2012,0.36,SC
SC-05,house,2012,0.5,SC
SC-01,house,2012,0.29,SC
SC-02,house,2012,0.29,SC
SD-00,house,2012,0.14,SD
TN-06,house,2012,0.21,TN
TN-07,house,2012,0.14,TN
TN-04,house,2012,0.14,TN
TN-02,house,2012,0.64,TN
TN-08,house,2012,0.29,TN
TN-03,house,2012,0.14,TN
TN-01,house,2012,0.0,TN
TX-06,house,2012,0.14,TX
TX-08,house,2012,0.0,TX
TX-02,house,2012,0.17,TX
TX-03,house,2012,0.05,TX
TX-01,house,2012,0.21,TX
TX-07,house,2012,0.14,TX
TX-04,house,2012,0.14,TX
TX-05,house,2012,0.14,TX
UT-01,house,2012,0.14,UT
UT-03,house,2012,0.21,UT
VA-07,house,2012,0.0,VA
VA-04,house,2012,0.14,VA
VA-06,house,2012,0.14,VA
VA-09,house,2012,0.21,VA
VA-05,house,2012,0.07,VA
VA-02,house,2012,0.14,VA
VA-01,house,2012,0.12,VA
WA-04,house,2012,0.0,WA
WA-03,house,2012,0.07,WA
WA-08,house,2012,0.0,WA
WA-05,house,2012,0.0,WA
WI-07,house,2012,0.07,WI
WI-06,house,2012,0.21,WI
WI-08,house,2012,0.07,WI
WI-01,house,2012,0.14,WI
WI-05,house,2012,0.64,WI
WV-02,house,2012,0.0,WV
WV-01,house,2012,0.07,WV
WY-00,house,2012,0.43,WY
AL-07,house,2012,0.08,AL
AR-04,house,2012,0.38,AR
AZ-08,house,2012,0.0,AZ
AZ-07,house,2012,0.0,AZ
AZ-04,house,2012,0.0,AZ
CA-09,house,2012,0.0,CA
CA-07,house,2012,0.0,CA
CA-08,house,2012,0.0,CA
CA-06,house,2012,0.0,CA
CO-01,house,2012,0.0,CO
CO-07,house,2012,0.08,CO
CO-02,house,2012,0.08,CO
CT-02,house,2012,0.08,CT
CT-03,house,2012,0.08,CT
CT-04,house,2012,0.08,CT
CT-01,house,2012,0.0,CT
CT-05,house,2012,0.0,CT
DE-00,house,2012,0.08,DE
FL-03,house,2012,0.0,FL
GA-02,house,2012,0.46,GA
GA-04,house,2012,0.0,GA
GA-05,house,2012,0.0,GA
HI-01,house,2012,0.0,HI
HI-02,house,2012,0.0,HI
IA-03,house,2012,0.46,IA
IA-01,house,2012,0.0,IA
IA-02,house,2012,0.31,IA
IL-07,house,2012,0.0,IL
IL-04,house,2012,0.0,IL
IL-02,house,2012,0.0,IL
IL-03,house,2012,0.08,IL
IL-05,house,2012,0.0,IL
IL-09,house,2012,0.0,IL
IN-07,house,2012,0.0,IN
IN-02,house,2012,0.46,IN
IN-01,house,2012,0.08,IN
KY-06,house,2012,0.38,KY
KY-03,house,2012,0.0,KY
LA-02,house,2012,0.0,LA
MA-08,house,2012,0.0,MA
MA-04,house,2012,0.0,MA
MA-01,house,2012,0.0,MA
MA-09,house,2012,0.08,MA
MA-07,house,2012,0.0,MA
MA-03,house,2012,0.0,MA
MA-02,house,2012,0.0,MA
MA-06,house,2012,0.0,MA
MA-05,house,2012,0.0,MA
MD-07,house,2012,0.0,MD
MD-04,house,2012,0.0,MD
MD-05,house,2012,0.0,MD
MD-02,house,2012,0.0,MD
MD-03,house,2012,0.0,MD
MD-08,house,2012,0.0,MD
ME-02,house,2012,0.0,ME
ME-01,house,2012,0.0,ME
MI-05,house,2012,0.0,MI
MI-09,house,2012,0.0,MI
MN-05,house,2012,0.0,MN
MN-04,house,2012,0.0,MN
MN-07,house,2012,0.54,MN
MN-01,house,2012,0.08,MN
MO-03,house,2012,0.0,MO
MO-01,house,2012,0.0,MO
MO-05,house,2012,0.0,MO
MS-02,house,2012,0.0,MS
NC-08,house,2012,0.54,NC
NC-07,house,2012,0.69,NC
NC-04,house,2012,0.0,NC
NJ-06,house,2012,0.0,NJ
NJ-08,house,2012,0.0,NJ
NJ-09,house,2012,0.0,NJ
NM-01,house,2012,0.0,NM
NM-03,house,2012,0.08,NM
NV-01,house,2012,0.23,NV
NY-05,house,2012,0.0,NY
NY-07,house,2012,0.0,NY
NY-04,house,2012,0.0,NY
NY-06,house,2012,0.0,NY
NY-08,house,2012,0.0,NY
OH-09,house,2012,0.0,OH
OK-02,house,2012,0.62,OK
OR-03,house,2012,0.08,OR
OR-01,house,2012,0.0,OR
OR-04,house,2012,0.15,OR
OR-05,house,2012,0.15,OR
PA-04,house,2012,0.38,PA
PA-02,house,2012,0.0,PA
RI-01,house,2012,0.0,RI
RI-02,house,2012,0.0,RI
SC-06,house,2012,0.0,SC
TN-09,house,2012,0.0,TN
TN-05,house,2012,0.15,TN
TX-09,house,2012,0.08,TX
UT-02,house,2012,0.77,UT
VA-08,house,2012,0.08,VA
VA-03,house,2012,0.08,VA
VT-00,house,2012,0.08,VT
WA-01,house,2012,0.0,WA
WA-06,house,2012,0.0,WA
WA-02,house,2012,0.0,WA
WA-07,house,2012,0.08,WA
WA-09,house,2012,0.08,WA
WI-02,house,2012,0.0,WI
WI-03,house,2012,0.0,WI
WI-04,house,2012,0.0,WI
WV-03,house,2012,0.23,WV
N\A,senate,2012,0.12,AK
N\A,senate,2012,0.44,AL
N\A,senate,2012,0.19,AR
N\A,senate,2012,0.44,AZ
N\A,senate,2012,0.38,FL
N\A,senate,2012,0.38,GA
N\A,senate,2012,0.31,IA
N\A,senate,2012,0.62,ID
N\A,senate,2012,0.0,IL
N\A,senate,2012,0.19,IN
N\A,senate,2012,0.31,KS
N\A,senate,2012,0.62,KY
N\A,senate,2012,0.25,LA
N\A,senate,2012,0.0,MA
N\A,senate,2012,0.12,ME
N\A,senate,2012,0.06,MO
N\A,senate,2012,0.25,MS
N\A,senate,2012,0.12,NC
N\A,senate,2012,0.06,ND
N\A,senate,2012,0.12,NE
N\A,senate,2012,0.19,NH
N\A,senate,2012,0.12,NV
N\A,senate,2012,0.25,OH
N\A,senate,2012,0.38,OK
N\A,senate,2012,0.31,PA
N\A,senate,2012,0.56,SC
N\A,senate,2012,0.12,SD
N\A,senate,2012,0.38,TN
N\A,senate,2012,0.38,TX
N\A,senate,2012,0.75,UT
N\A,senate,2012,0.31,WI
N\A,senate,2012,0.44,WY
N\A,senate,2012,0.0,CA
N\A,senate,2012,0.06,CO
N\A,senate,2012,0.0,CT
N\A,senate,2012,0.06,DE
N\A,senate,2012,0.0,HI
N\A,senate,2012,0.0,MD
N\A,senate,2012,0.06,MI
N\A,senate,2012,0.0,MN
N\A,senate,2012,0.0,MT
N\A,senate,2012,0.06,NJ
N\A,senate,2012,0.0,NM
N\A,senate,2012,0.0,NY
N\A,senate,2012,0.0,OR
N\A,senate,2012,0.25,RI
N\A,senate,2012,0.0,VA
N\A,senate,2012,0.0,VT
N\A,senate,2012,0.0,WA
N\A,senate,2012,0.12,WV
AK-00,house,2013,0.0,AK
AL-04,house,2013,0.23,AL
AL-06,house,2013,0.0,AL
AL-01,house,2013,0.12,AL
AL-05,house,2013,0.46,AL
AL-02,house,2013,0.23,AL
AL-03,house,2013,0.23,AL
AR-04,house,2013,0.31,AR
AR-01,house,2013,0.23,AR
AR-02,house,2013,0.15,AR
AR-03,house,2013,0.15,AR
AZ-08,house,2013,0.54,AZ
AZ-04,house,2013,0.31,AZ
AZ-05,house,2013,0.69,AZ
AZ-06,house,2013,0.46,AZ
CA-04,house,2013,0.15,CA
CA-08,house,2013,0.23,CA
CA-01,house,2013,0.06,CA
CA-05,house,2013,0.04,CA
CA-02,house,2013,0.0,CA
CA-03,house,2013,0.03,CA
CO-06,house,2013,0.23,CO
CO-04,house,2013,0.23,CO
CO-05,house,2013,0.46,CO
CO-03,house,2013,0.08,CO
FL-01,house,2013,0.18,FL
FL-04,house,2013,0.0,FL
FL-06,house,2013,0.54,FL
FL-02,house,2013,0.03,FL
FL-07,house,2013,0.23,FL
FL-08,house,2013,0.62,FL
FL-03,house,2013,0.31,FL
GA-01,house,2013,0.43,GA
GA-09,house,2013,0.38,GA
GA-06,house,2013,0.31,GA
GA-08,house,2013,0.23,GA
GA-03,house,2013,0.38,GA
GA-07,house,2013,0.31,GA
IA-04,house,2013,0.38,IA
IA-03,house,2013,0.08,IA
ID-01,house,2013,0.46,ID
ID-02,house,2013,0.15,ID
IL-01,house,2013,0.07,IL
IL-06,house,2013,0.15,IL
IN-05,house,2013,0.08,IN
IN-08,house,2013,0.15,IN
IN-06,house,2013,0.15,IN
IN-04,house,2013,0.15,IN
IN-03,house,2013,0.38,IN
IN-02,house,2013,0.15,IN
IN-09,house,2013,0.0,IN
KS-01,house,2013,0.77,KS
KS-02,house,2013,0.08,KS
KS-04,house,2013,0.38,KS
KS-03,house,2013,0.15,KS
KY-06,house,2013,0.15,KY
KY-02,house,2013,0.15,KY
KY-04,house,2013,0.85,KY
KY-05,house,2013,0.08,KY
KY-01,house,2013,0.08,KY
LA-05,house,2013,0.0,LA
LA-03,house,2013,0.0,LA
LA-06,house,2013,0.23,LA
LA-04,house,2013,0.54,LA
LA-01,house,2013,0.46,LA
MD-01,house,2013,0.31,MD
MI-03,house,2013,1.0,MI
MI-01,house,2013,0.11,MI
MI-04,house,2013,0.08,MI
MI-02,house,2013,0.23,MI
MI-08,house,2013,0.08,MI
MI-06,house,2013,0.08,MI
MI-07,house,2013,0.23,MI
MN-06,house,2013,0.54,MN
MN-02,house,2013,0.08,MN
MN-03,house,2013,0.08,MN
MO-08,house,2013,0.3,MO
MO-06,house,2013,0.31,MO
MO-04,house,2013,0.23,MO
MO-07,house,2013,0.31,MO
MO-03,house,2013,0.23,MO
MO-02,house,2013,0.23,MO
MS-03,house,2013,0.0,MS
MS-01,house,2013,0.31,MS
MS-04,house,2013,0.15,MS
MT-00,house,2013,0.15,MT
NC-06,house,2013,0.15,NC
NC-02,house,2013,0.23,NC
NC-05,house,2013,0.31,NC
NC-01,house,2013,0.15,NC
NC-08,house,2013,0.38,NC
NC-03,house,2013,0.92,NC
NC-09,house,2013,0.23,NC
ND-00,house,2013,0.0,ND
NE-01,house,2013,0.15,NE
NE-03,house,2013,0.23,NE
NE-02,house,2013,0.08,NE
NJ-01,house,2013,0.0,NJ
NJ-05,house,2013,0.38,NJ
NJ-07,house,2013,0.08,NJ
NJ-02,house,2013,0.23,NJ
NJ-03,house,2013,0.08,NJ
NJ-04,house,2013,0.15,NJ
NM-02,house,2013,0.31,NM
NV-02,house,2013,0.15,NV
NV-03,house,2013,0.31,NV
NY-02,house,2013,0.07,NY
NY-01,house,2013,0.02,NY
OH-08,house,2013,0.0,OH
OH-01,house,2013,0.13,OH
OH-07,house,2013,0.15,OH
OH-06,house,2013,0.23,OH
OH-04,house,2013,0.38,OH
OH-05,house,2013,0.23,OH
OH-02,house,2013,0.38,OH
OK-01,house,2013,0.54,OK
OK-04,house,2013,0.0,OK
OK-05,house,2013,0.23,OK
OK-03,house,2013,0.15,OK
OK-02,house,2013,0.38,OK
OR-02,house,2013,0.15,OR
PA-01,house,2013,0.1,PA
PA-08,house,2013,0.0,PA
PA-06,house,2013,0.0,PA
PA-03,house,2013,0.15,PA
PA-07,house,2013,0.08,PA
PA-04,house,2013,0.38,PA
PA-09,house,2013,0.15,PA
PA-05,house,2013,0.08,PA
SC-03,house,2013,0.46,SC
SC-04,house,2013,0.38,SC
SC-05,house,2013,0.46,SC
SC-07,house,2013,0.31,SC
SC-01,house,2013,0.78,SC
SC-02,house,2013,0.23,SC
SD-00,house,2013,0.23,SD
TN-06,house,2013,0.23,TN
TN-07,house,2013,0.23,TN
TN-04,house,2013,0.46,TN
TN-02,house,2013,0.77,TN
TN-08,house,2013,0.31,TN
TN-03,house,2013,0.23,TN
TN-01,house,2013,0.23,TN
TX-06,house,2013,0.31,TX
TX-08,house,2013,0.31,TX
TX-02,house,2013,0.27,TX
TX-03,house,2013,0.23,TX
TX-01,house,2013,0.26,TX
TX-07,house,2013,0.23,TX
TX-04,house,2013,0.38,TX
TX-05,house,2013,0.31,TX
UT-01,house,2013,0.31,UT
UT-03,house,2013,0.23,UT
UT-02,house,2013,0.23,UT
VA-07,house,2013,0.08,VA
VA-04,house,2013,0.31,VA
VA-06,house,2013,0.38,VA
VA-09,house,2013,0.31,VA
VA-05,house,2013,0.38,VA
VA-02,house,2013,0.23,VA
VA-01,house,2013,0.14,VA
WA-04,house,2013,0.23,WA
WA-03,house,2013,0.08,WA
WA-08,house,2013,0.08,WA
WA-05,house,2013,0.08,WA
WI-07,house,2013,0.15,WI
WI-06,house,2013,0.38,WI
WI-08,house,2013,0.31,WI
WI-01,house,2013,0.23,WI
WI-05,house,2013,0.54,WI
WV-02,house,2013,0.0,WV
WV-01,house,2013,0.08,WV
WY-00,house,2013,0.54,WY
AL-07,house,2013,0.18,AL
AZ-02,house,2013,0.0,AZ
AZ-03,house,2013,0.0,AZ
AZ-01,house,2013,0.0,AZ
AZ-07,house,2013,0.0,AZ
AZ-09,house,2013,0.0,AZ
CA-07,house,2013,0.0,CA
CA-06,house,2013,0.0,CA
CA-09,house,2013,0.0,CA
CO-01,house,2013,0.0,CO
CO-07,house,2013,0.0,CO
CO-02,house,2013,0.0,CO
CT-02,house,2013,0.0,CT
CT-03,house,2013,0.0,CT
CT-05,house,2013,0.0,CT
CT-04,house,2013,0.0,CT
CT-01,house,2013,0.0,CT
DE-00,house,2013,0.0,DE
FL-05,house,2013,0.0,FL
FL-09,house,2013,0.0,FL
GA-02,house,2013,0.36,GA
GA-04,house,2013,0.0,GA
GA-05,house,2013,0.0,GA
HI-02,house,2013,0.0,HI
HI-01,house,2013,0.0,HI
IA-01,house,2013,0.0,IA
IA-02,house,2013,0.0,IA
IL-07,house,2013,0.0,IL
IL-08,house,2013,0.0,IL
IL-04,house,2013,0.0,IL
IL-02,house,2013,0.0,IL
IL-03,house,2013,0.0,IL
IL-05,house,2013,0.0,IL
IL-09,house,2013,0.0,IL
IN-07,house,2013,0.0,IN
IN-01,house,2013,0.0,IN
KY-03,house,2013,0.09,KY
LA-02,house,2013,0.09,LA
MA-07,house,2013,0.0,MA
MA-09,house,2013,0.0,MA
MA-04,house,2013,0.0,MA
MA-08,house,2013,0.0,MA
MA-00,house,2013,0.0,MA
MA-02,house,2013,0.0,MA
MA-01,house,2013,0.0,MA
MA-06,house,2013,0.0,MA
MA-03,house,2013,0.0,MA
MD-07,house,2013,0.0,MD
MD-06,house,2013,0.0,MD
MD-04,house,2013,0.0,MD
MD-05,house,2013,0.0,MD
MD-02,house,2013,0.0,MD
MD-03,house,2013,0.0,MD
MD-08,house,2013,0.0,MD
ME-02,house,2013,0.0,ME
ME-01,house,2013,0.0,ME
MI-05,house,2013,0.0,MI
MI-09,house,2013,0.0,MI
MN-05,house,2013,0.0,MN
MN-04,house,2013,0.0,MN
MN-08,house,2013,0.09,MN
MN-07,house,2013,0.36,MN
MN-01,house,2013,0.0,MN
MO-01,house,2013,0.0,MO
MO-05,house,2013,0.0,MO
MS-02,house,2013,0.09,MS
NC-07,house,2013,0.45,NC
NC-04,house,2013,0.0,NC
NH-02,house,2013,0.0,NH
NH-01,house,2013,0.0,NH
NJ-06,house,2013,0.0,NJ
NJ-09,house,2013,0.0,NJ
NJ-08,house,2013,0.0,NJ
NM-01,house,2013,0.0,NM
NM-03,house,2013,0.0,NM
NV-04,house,2013,0.09,NV
NV-01,house,2013,0.09,NV
NY-09,house,2013,0.0,NY
NY-03,house,2013,0.0,NY
NY-08,house,2013,0.0,NY
NY-04,house,2013,0.0,NY
NY-05,house,2013,0.0,NY
NY-06,house,2013,0.09,NY
NY-07,house,2013,0.0,NY
OH-03,house,2013,0.0,OH
OH-09,house,2013,0.0,OH
OR-03,house,2013,0.0,OR
OR-01,house,2013,0.0,OR
OR-04,house,2013,0.0,OR
OR-05,house,2013,0.0,OR
PA-02,house,2013,0.0,PA
RI-01,house,2013,0.0,RI
RI-02,house,2013,0.0,RI
SC-06,house,2013,0.0,SC
TN-09,house,2013,0.0,TN
TN-05,house,2013,0.27,TN
TX-09,house,2013,0.18,TX
UT-04,house,2013,0.45,UT
VA-08,house,2013,0.09,VA
VA-03,house,2013,0.09,VA
VT-00,house,2013,0.0,VT
WA-01,house,2013,0.0,WA
WA-06,house,2013,0.0,WA
WA-02,house,2013,0.0,WA
WA-07,house,2013,0.0,WA
WA-09,house,2013,0.0,WA
WI-03,house,2013,0.0,WI
WI-04,house,2013,0.0,WI
WI-02,house,2013,0.0,WI
WV-03,house,2013,0.18,WV
N\A,senate,2013,0.04,AK
N\A,senate,2013,0.54,AL
N\A,senate,2013,0.33,AR
N\A,senate,2013,0.42,AZ
N\A,senate,2013,0.42,FL
N\A,senate,2013,0.42,GA
N\A,senate,2013,0.42,IA
N\A,senate,2013,0.88,ID
N\A,senate,2013,0.29,IL
N\A,senate,2013,0.25,IN
N\A,senate,2013,0.75,KS
N\A,senate,2013,0.83,KY
N\A,senate,2013,0.33,LA
N\A,senate,2013,0.08,ME
N\A,senate,2013,0.25,MO
N\A,senate,2013,0.25,MS
N\A,senate,2013,0.33,NC
N\A,senate,2013,0.08,ND
N\A,senate,2013,0.58,NE
N\A,senate,2013,0.33,NH
N\A,senate,2013,0.04,NJ
N\A,senate,2013,0.29,NV
N\A,senate,2013,0.25,OH
N\A,senate,2013,0.83,OK
N\A,senate,2013,0.38,PA
N\A,senate,2013,0.71,SC
N\A,senate,2013,0.29,SD
N\A,senate,2013,0.42,TN
N\A,senate,2013,0.92,TX
N\A,senate,2013,0.75,UT
N\A,senate,2013,0.46,WI
N\A,senate,2013,0.75,WY
N\A,senate,2013,0.0,CA
N\A,senate,2013,0.0,CO
N\A,senate,2013,0.0,CT
N\A,senate,2013,0.0,DE
N\A,senate,2013,0.0,HI
N\A,senate,2013,0.0,MA
N\A,senate,2013,0.0,MD
N\A,senate,2013,0.0,MI
N\A,senate,2013,0.0,MN
N\A,senate,2013,0.12,MT
N\A,senate,2013,0.0,NM
N\A,senate,2013,0.0,NY
N\A,senate,2013,0.08,OR
N\A,senate,2013,0.08,RI
N\A,senate,2013,0.0,VA
N\A,senate,2013,0.08,VT
N\A,senate,2013,0.0,WA
N\A,senate,2013,0.08,WV
AK-00,house,2014,0.0,AK
AL-04,house,2014,0.08,AL
AL-06,house,2014,0.0,AL
AL-05,house,2014,0.42,AL
AL-01,house,2014,0.17,AL
AL-02,house,2014,0.0,AL
AL-03,house,2014,0.17,AL
AR-04,house,2014,0.33,AR
AR-01,house,2014,0.25,AR
AR-02,house,2014,0.0,AR
AR-03,house,2014,0.08,AR
AZ-08,house,2014,0.5,AZ
AZ-04,house,2014,0.5,AZ
AZ-05,house,2014,0.5,AZ
AZ-06,house,2014,0.42,AZ
CA-04,house,2014,0.15,CA
CA-08,house,2014,0.08,CA
CA-01,house,2014,0.08,CA
CA-05,house,2014,0.06,CA
CA-02,house,2014,0.02,CA
CA-03,house,2014,0.04,CA
CO-06,house,2014,0.17,CO
CO-04,house,2014,0.08,CO
CO-05,house,2014,0.33,CO
CO-03,house,2014,0.25,CO
FL-01,house,2014,0.12,FL
FL-04,house,2014,0.0,FL
FL-06,house,2014,0.5,FL
FL-02,house,2014,0.05,FL
FL-07,house,2014,0.17,FL
FL-08,house,2014,0.58,FL
FL-03,house,2014,0.25,FL
GA-01,house,2014,0.35,GA
GA-09,house,2014,0.17,GA
GA-06,house,2014,0.17,GA
GA-08,house,2014,0.42,GA
GA-03,house,2014,0.25,GA
GA-07,house,2014,0.17,GA
IA-04,house,2014,0.25,IA
IA-03,house,2014,0.0,IA
ID-01,house,2014,0.67,ID
ID-02,house,2014,0.0,ID
IL-01,house,2014,0.02,IL
IL-06,house,2014,0.0,IL
IN-05,house,2014,0.0,IN
IN-08,house,2014,0.0,IN
IN-06,house,2014,0.0,IN
IN-04,house,2014,0.08,IN
IN-03,house,2014,0.33,IN
IN-02,house,2014,0.08,IN
IN-09,house,2014,0.0,IN
KS-01,house,2014,0.58,KS
KS-02,house,2014,0.08,KS
KS-04,house,2014,0.33,KS
KS-03,house,2014,0.08,KS
KY-06,house,2014,0.08,KY
KY-02,house,2014,0.08,KY
KY-04,house,2014,0.92,KY
KY-05,house,2014,0.08,KY
KY-01,house,2014,0.17,KY
LA-03,house,2014,0.0,LA
LA-06,house,2014,0.0,LA
LA-04,house,2014,0.42,LA
LA-05,house,2014,0.17,LA
LA-01,house,2014,0.25,LA
MD-01,house,2014,0.25,MD
MI-03,house,2014,0.92,MI
MI-01,house,2014,0.14,MI
MI-04,house,2014,0.0,MI
MI-02,house,2014,0.0,MI
MI-08,house,2014,0.0,MI
MI-06,house,2014,0.0,MI
MI-07,house,2014,0.0,MI
MN-06,house,2014,0.42,MN
MN-02,house,2014,0.0,MN
MN-03,house,2014,0.0,MN
MO-06,house,2014,0.08,MO
MO-04,house,2014,0.0,MO
MO-07,house,2014,0.08,MO
MO-03,house,2014,0.0,MO
MO-08,house,2014,0.17,MO
MO-02,house,2014,0.0,MO
MS-03,house,2014,0.0,MS
MS-01,house,2014,0.0,MS
MS-04,house,2014,0.08,MS
MT-00,house,2014,0.17,MT
NC-06,house,2014,0.0,NC
NC-02,house,2014,0.0,NC
NC-05,house,2014,0.17,NC
NC-01,house,2014,0.17,NC
NC-08,house,2014,0.08,NC
NC-03,house,2014,0.67,NC
NC-09,house,2014,0.17,NC
ND-00,house,2014,0.0,ND
NE-01,house,2014,0.08,NE
NE-03,house,2014,0.17,NE
NE-02,house,2014,0.08,NE
NJ-01,house,2014,0.11,NJ
NJ-05,house,2014,0.58,NJ
NJ-07,house,2014,0.08,NJ
NJ-02,house,2014,0.17,NJ
NJ-03,house,2014,0.0,NJ
NJ-04,house,2014,0.08,NJ
NM-02,house,2014,0.17,NM
NV-02,house,2014,0.0,NV
NV-03,house,2014,0.08,NV
NY-02,house,2014,0.06,NY
NY-01,house,2014,0.09,NY
OH-08,house,2014,0.0,OH
OH-01,house,2014,0.09,OH
OH-07,house,2014,0.08,OH
OH-06,house,2014,0.17,OH
OH-04,house,2014,0.42,OH
OH-05,house,2014,0.08,OH
OH-02,house,2014,0.33,OH
OK-01,house,2014,0.58,OK
OK-04,house,2014,0.0,OK
OK-05,house,2014,0.42,OK
OK-03,house,2014,0.0,OK
OK-02,house,2014,0.25,OK
OR-02,house,2014,0.0,OR
PA-01,house,2014,0.05,PA
PA-08,house,2014,0.0,PA
PA-06,house,2014,0.0,PA
PA-03,house,2014,0.0,PA
PA-07,house,2014,0.0,PA
PA-04,house,2014,0.33,PA
PA-09,house,2014,0.08,PA
PA-05,house,2014,0.0,PA
SC-03,house,2014,0.58,SC
SC-04,house,2014,0.42,SC
SC-05,house,2014,0.42,SC
SC-07,house,2014,0.25,SC
SC-01,house,2014,0.58,SC
SC-02,house,2014,0.0,SC
SD-00,house,2014,0.08,SD
TN-06,house,2014,0.0,TN
TN-07,house,2014,0.25,TN
TN-04,house,2014,0.42,TN
TN-02,house,2014,0.58,TN
TN-08,house,2014,0.17,TN
TN-03,house,2014,0.17,TN
TN-01,house,2014,0.08,TN
TX-06,house,2014,0.33,TX
TX-08,house,2014,0.08,TX
TX-02,house,2014,0.19,TX
TX-03,house,2014,0.14,TX
TX-01,house,2014,0.21,TX
TX-07,house,2014,0.0,TX
TX-04,house,2014,0.17,TX
TX-05,house,2014,0.25,TX
UT-01,house,2014,0.17,UT
UT-03,house,2014,0.08,UT
UT-02,house,2014,0.08,UT
VA-07,house,2014,0.09,VA
VA-04,house,2014,0.08,VA
VA-06,house,2014,0.08,VA
VA-09,house,2014,0.33,VA
VA-05,house,2014,0.25,VA
VA-02,house,2014,0.08,VA
VA-01,house,2014,0.09,VA
WA-04,house,2014,0.0,WA
WA-03,house,2014,0.08,WA
WA-08,house,2014,0.0,WA
WA-05,house,2014,0.0,WA
WI-07,house,2014,0.0,WI
WI-06,house,2014,0.17,WI
WI-08,house,2014,0.25,WI
WI-01,house,2014,0.08,WI
WI-05,house,2014,0.5,WI
WV-02,house,2014,0.08,WV
WV-01,house,2014,0.25,WV
WY-00,house,2014,0.5,WY
AL-07,house,2014,0.1,AL
AZ-02,house,2014,0.0,AZ
AZ-03,house,2014,0.3,AZ
AZ-01,house,2014,0.0,AZ
AZ-07,house,2014,0.0,AZ
AZ-09,house,2014,0.0,AZ
CA-07,house,2014,0.0,CA
CA-06,house,2014,0.0,CA
CA-09,house,2014,0.0,CA
CO-01,house,2014,0.0,CO
CO-07,house,2014,0.0,CO
CO-02,house,2014,0.1,CO
CT-02,house,2014,0.0,CT
CT-03,house,2014,0.1,CT
CT-05,house,2014,0.0,CT
CT-04,house,2014,0.0,CT
CT-01,house,2014,0.1,CT
DE-00,house,2014,0.0,DE
FL-05,house,2014,0.0,FL
FL-09,house,2014,0.2,FL
GA-02,house,2014,0.1,GA
GA-04,house,2014,0.1,GA
GA-05,house,2014,0.2,GA
HI-02,house,2014,0.1,HI
HI-01,house,2014,0.1,HI
IA-01,house,2014,0.0,IA
IA-02,house,2014,0.0,IA
IL-07,house,2014,0.2,IL
IL-08,house,2014,0.1,IL
IL-04,house,2014,0.1,IL
IL-02,house,2014,0.1,IL
IL-03,house,2014,0.0,IL
IL-05,house,2014,0.0,IL
IL-09,house,2014,0.1,IL
IN-07,house,2014,0.0,IN
IN-01,house,2014,0.1,IN
KY-03,house,2014,0.0,KY
LA-02,house,2014,0.1,LA
MA-07,house,2014,0.2,MA
MA-05,house,2014,0.2,MA
MA-09,house,2014,0.0,MA
MA-04,house,2014,0.1,MA
MA-08,house,2014,0.0,MA
MA-02,house,2014,0.1,MA
MA-01,house,2014,0.0,MA
MA-06,house,2014,0.2,MA
MA-03,house,2014,0.1,MA
MD-07,house,2014,0.0,MD
MD-06,house,2014,0.0,MD
MD-04,house,2014,0.1,MD
MD-05,house,2014,0.0,MD
MD-02,house,2014,0.0,MD
MD-03,house,2014,0.0,MD
MD-08,house,2014,0.0,MD
ME-02,house,2014,0.1,ME
ME-01,house,2014,0.2,ME
MI-05,house,2014,0.1,MI
MI-09,house,2014,0.0,MI
MN-05,house,2014,0.0,MN
MN-04,house,2014,0.0,MN
MN-08,house,2014,0.0,MN
MN-07,house,2014,0.2,MN
MN-01,house,2014,0.1,MN
MO-01,house,2014,0.1,MO
MO-05,house,2014,0.1,MO
MS-02,house,2014,0.2,MS
NC-07,house,2014,0.3,NC
NC-04,house,2014,0.0,NC
NH-02,house,2014,0.0,NH
NH-01,house,2014,0.0,NH
NJ-06,house,2014,0.1,NJ
NJ-09,house,2014,0.0,NJ
NJ-08,house,2014,0.1,NJ
NM-01,house,2014,0.0,NM
NM-03,house,2014,0.0,NM
NV-04,house,2014,0.0,NV
NV-01,house,2014,0.0,NV
NY-09,house,2014,0.2,NY
NY-03,house,2014,0.0,NY
NY-08,house,2014,0.1,NY
NY-04,house,2014,0.0,NY
NY-05,house,2014,0.0,NY
NY-06,house,2014,0.1,NY
NY-07,house,2014,0.2,NY
OH-03,house,2014,0.0,OH
OH-09,house,2014,0.0,OH
OR-03,house,2014,0.0,OR
OR-01,house,2014,0.0,OR
OR-04,house,2014,0.1,OR
OR-05,house,2014,0.2,OR
PA-02,house,2014,0.0,PA
RI-01,house,2014,0.1,RI
RI-02,house,2014,0.0,RI
SC-06,house,2014,0.0,SC
TN-09,house,2014,0.0,TN
TN-05,house,2014,0.1,TN
TX-09,house,2014,0.0,TX
UT-04,house,2014,0.3,UT
VA-08,house,2014,0.0,VA
VA-03,house,2014,0.0,VA
VT-00,house,2014,0.1,VT
WA-01,house,2014,0.0,WA
WA-06,house,2014,0.0,WA
WA-02,house,2014,0.0,WA
WA-07,house,2014,0.2,WA
WA-09,house,2014,0.0,WA
WI-03,house,2014,0.0,WI
WI-04,house,2014,0.1,WI
WI-02,house,2014,0.1,WI
WV-03,house,2014,0.2,WV
N\A,senate,2014,0.12,AK
N\A,senate,2014,0.56,AL
N\A,senate,2014,0.12,AR
N\A,senate,2014,0.33,AZ
N\A,senate,2014,0.31,FL
N\A,senate,2014,0.11,GA
N\A,senate,2014,0.31,IA
N\A,senate,2014,0.56,ID
N\A,senate,2014,0.0,IL
N\A,senate,2014,0.06,IN
N\A,senate,2014,0.44,KS
N\A,senate,2014,0.39,KY
N\A,senate,2014,0.19,LA
N\A,senate,2014,0.11,ME
N\A,senate,2014,0.12,MO
N\A,senate,2014,0.22,MS
N\A,senate,2014,0.19,NC
N\A,senate,2014,0.12,ND
N\A,senate,2014,0.28,NE
N\A,senate,2014,0.12,NH
N\A,senate,2014,0.44,NV
N\A,senate,2014,0.25,OH
N\A,senate,2014,0.44,OK
N\A,senate,2014,0.25,PA
N\A,senate,2014,0.33,SC
N\A,senate,2014,0.06,SD
N\A,senate,2014,0.22,TN
N\A,senate,2014,0.5,TX
N\A,senate,2014,0.44,UT
N\A,senate,2014,0.44,WI
N\A,senate,2014,0.44,WY
N\A,senate,2014,0.0,CA
N\A,senate,2014,0.0,CO
N\A,senate,2014,0.07,CT
N\A,senate,2014,0.0,DE
N\A,senate,2014,0.0,HI
N\A,senate,2014,0.14,MA
N\A,senate,2014,0.0,MD
N\A,senate,2014,0.0,MI
N\A,senate,2014,0.0,MN
N\A,senate,2014,0.0,MT
N\A,senate,2014,0.0,NJ
N\A,senate,2014,0.0,NM
N\A,senate,2014,0.07,NY
N\A,senate,2014,0.0,OR
N\A,senate,2014,0.0,RI
N\A,senate,2014,0.0,VA
N\A,senate,2014,0.14,VT
N\A,senate,2014,0.0,WA
N\A,senate,2014,0.07,WV
AK-00,house,2015,0.27,AK
AL-04,house,2015,0.36,AL
AL-05,house,2015,0.91,AL
AL-01,house,2015,0.45,AL
AL-06,house,2015,0.73,AL
AL-02,house,2015,0.45,AL
AL-03,house,2015,0.36,AL
AR-01,house,2015,0.55,AR
AR-02,house,2015,0.36,AR
AR-04,house,2015,0.45,AR
AR-03,house,2015,0.18,AR
AZ-08,house,2015,0.64,AZ
AZ-04,house,2015,0.64,AZ
AZ-02,house,2015,0.18,AZ
AZ-05,house,2015,0.55,AZ
AZ-06,house,2015,0.73,AZ
CA-04,house,2015,0.17,CA
CA-08,house,2015,0.27,CA
CA-01,house,2015,0.06,CA
CA-05,house,2015,0.13,CA
CA-02,house,2015,0.02,CA
CA-03,house,2015,0.03,CA
CO-04,house,2015,0.82,CO
CO-06,house,2015,0.09,CO
CO-05,house,2015,0.64,CO
CO-03,house,2015,0.36,CO
FL-01,house,2015,0.33,FL
FL-04,house,2015,0.09,FL
FL-02,house,2015,0.02,FL
FL-06,house,2015,0.64,FL
FL-07,house,2015,0.18,FL
FL-08,house,2015,0.64,FL
FL-03,house,2015,0.55,FL
GA-01,house,2015,0.42,GA
GA-09,house,2015,0.45,GA
GA-06,house,2015,0.36,GA
GA-08,house,2015,0.27,GA
GA-03,house,2015,0.45,GA
GA-07,house,2015,0.27,GA
IA-01,house,2015,0.45,IA
IA-04,house,2015,0.64,IA
IA-03,house,2015,0.27,IA
ID-01,house,2015,0.82,ID
ID-02,house,2015,0.0,ID
IL-01,house,2015,0.11,IL
IL-06,house,2015,0.27,IL
IN-05,house,2015,0.0,IN
IN-08,house,2015,0.27,IN
IN-06,house,2015,0.18,IN
IN-04,house,2015,0.27,IN
IN-03,house,2015,0.55,IN
IN-02,house,2015,0.36,IN
IN-09,house,2015,0.27,IN
KS-01,house,2015,0.73,KS
KS-02,house,2015,0.45,KS
KS-04,house,2015,0.45,KS
KS-03,house,2015,0.36,KS
KY-06,house,2015,0.18,KY
KY-02,house,2015,0.18,KY
KY-04,house,2015,1.0,KY
KY-05,house,2015,0.0,KY
KY-01,house,2015,0.27,KY
LA-05,house,2015,0.45,LA
LA-03,house,2015,0.27,LA
LA-04,house,2015,0.64,LA
LA-06,house,2015,0.45,LA
LA-01,house,2015,0.0,LA
MD-01,house,2015,0.64,MD
ME-02,house,2015,0.09,ME
MI-03,house,2015,1.0,MI
MI-01,house,2015,0.02,MI
MI-08,house,2015,0.09,MI
MI-02,house,2015,0.27,MI
MI-04,house,2015,0.18,MI
MI-06,house,2015,0.0,MI
MI-07,house,2015,0.27,MI
MN-06,house,2015,0.27,MN
MN-02,house,2015,0.0,MN
MN-03,house,2015,0.09,MN
MO-06,house,2015,0.27,MO
MO-04,house,2015,0.27,MO
MO-07,house,2015,0.36,MO
MO-03,house,2015,0.18,MO
MO-08,house,2015,0.45,MO
MO-02,house,2015,0.27,MO
MS-03,house,2015,0.27,MS
MS-01,house,2015,0.43,MS
MS-04,house,2015,0.45,MS
MT-00,house,2015,0.36,MT
NC-02,house,2015,0.18,NC
NC-05,house,2015,0.36,NC
NC-01,house,2015,0.27,NC
NC-08,house,2015,0.27,NC
NC-03,house,2015,1.0,NC
NC-09,house,2015,0.09,NC
NC-07,house,2015,0.36,NC
NC-06,house,2015,0.55,NC
ND-00,house,2015,0.09,ND
NE-01,house,2015,0.27,NE
NE-03,house,2015,0.36,NE
NH-01,house,2015,0.36,NH
NJ-01,house,2015,0.0,NJ
NJ-05,house,2015,0.64,NJ
NJ-07,house,2015,0.27,NJ
NJ-02,house,2015,0.18,NJ
NJ-03,house,2015,0.09,NJ
NJ-04,house,2015,0.36,NJ
NM-02,house,2015,0.45,NM
NV-02,house,2015,0.36,NV
NV-04,house,2015,0.27,NV
NV-03,house,2015,0.36,NV
NY-02,house,2015,0.08,NY
NY-01,house,2015,0.12,NY
OH-08,house,2015,0.0,OH
OH-01,house,2015,0.12,OH
OH-07,house,2015,0.36,OH
OH-06,house,2015,0.09,OH
OH-04,house,2015,0.73,OH
OH-05,house,2015,0.45,OH
OH-02,house,2015,0.45,OH
OK-01,house,2015,0.73,OK
OK-04,house,2015,0.0,OK
OK-03,house,2015,0.18,OK
OK-02,house,2015,0.27,OK
OK-05,house,2015,0.45,OK
OR-02,house,2015,0.0,OR
PA-01,house,2015,0.19,PA
PA-06,house,2015,0.09,PA
PA-08,house,2015,0.09,PA
PA-03,house,2015,0.36,PA
PA-07,house,2015,0.18,PA
PA-04,house,2015,0.64,PA
PA-09,house,2015,0.27,PA
PA-05,house,2015,0.0,PA
SC-03,house,2015,0.64,SC
SC-04,house,2015,0.55,SC
SC-05,house,2015,0.82,SC
SC-07,house,2015,0.36,SC
SC-01,house,2015,0.64,SC
SC-02,house,2015,0.18,SC
SD-00,house,2015,0.09,SD
TN-06,house,2015,0.45,TN
TN-07,house,2015,0.55,TN
TN-04,house,2015,0.64,TN
TN-02,house,2015,0.64,TN
TN-08,house,2015,0.36,TN
TN-03,house,2015,0.36,TN
TN-01,house,2015,0.36,TN
TX-03,house,2015,0.24,TX
TX-06,house,2015,0.27,TX
TX-08,house,2015,0.09,TX
TX-02,house,2015,0.35,TX
TX-01,house,2015,0.26,TX
TX-07,house,2015,0.27,TX
TX-05,house,2015,0.36,TX
TX-04,house,2015,0.73,TX
UT-01,house,2015,0.45,UT
UT-03,house,2015,0.45,UT
UT-04,house,2015,0.45,UT
UT-02,house,2015,0.45,UT
VA-07,house,2015,0.73,VA
VA-01,house,2015,0.23,VA
VA-04,house,2015,0.45,VA
VA-06,house,2015,0.45,VA
VA-09,house,2015,0.45,VA
VA-05,house,2015,0.36,VA
VA-02,house,2015,0.09,VA
WA-03,house,2015,0.18,WA
WA-04,house,2015,0.27,WA
WA-08,house,2015,0.0,WA
WA-05,house,2015,0.0,WA
WI-07,house,2015,0.36,WI
WI-06,house,2015,0.36,WI
WI-08,house,2015,0.36,WI
WI-01,house,2015,0.0,WI
WI-05,house,2015,0.64,WI
WV-03,house,2015,0.27,WV
WV-01,house,2015,0.36,WV
WV-02,house,2015,0.64,WV
WY-00,house,2015,0.82,WY
AL-07,house,2015,0.0,AL
AZ-07,house,2015,0.11,AZ
AZ-03,house,2015,0.22,AZ
AZ-01,house,2015,0.0,AZ
AZ-09,house,2015,0.11,AZ
CA-07,house,2015,0.0,CA
CA-06,house,2015,0.0,CA
CA-09,house,2015,0.0,CA
CO-01,house,2015,0.0,CO
CO-07,house,2015,0.0,CO
CO-02,house,2015,0.11,CO
CT-02,house,2015,0.0,CT
CT-03,house,2015,0.0,CT
CT-05,house,2015,0.0,CT
CT-04,house,2015,0.0,CT
CT-01,house,2015,0.0,CT
DE-00,house,2015,0.11,DE
FL-05,house,2015,0.0,FL
FL-09,house,2015,0.0,FL
GA-02,house,2015,0.22,GA
GA-04,house,2015,0.11,GA
GA-05,house,2015,0.0,GA
HI-02,house,2015,0.0,HI
HI-01,house,2015,0.0,HI
IA-02,house,2015,0.0,IA
IL-07,house,2015,0.0,IL
IL-08,house,2015,0.0,IL
IL-04,house,2015,0.11,IL
IL-02,house,2015,0.0,IL
IL-03,house,2015,0.0,IL
IL-05,house,2015,0.0,IL
IL-09,house,2015,0.11,IL
IN-07,house,2015,0.0,IN
IN-01,house,2015,0.11,IN
KY-03,house,2015,0.0,KY
LA-02,house,2015,0.0,LA
MA-07,house,2015,0.0,MA
MA-05,house,2015,0.0,MA
MA-09,house,2015,0.0,MA
MA-04,house,2015,0.0,MA
MA-08,house,2015,0.11,MA
MA-02,house,2015,0.0,MA
MA-06,house,2015,0.0,MA
MA-01,house,2015,0.0,MA
MA-03,house,2015,0.0,MA
MD-07,house,2015,0.0,MD
MD-06,house,2015,0.0,MD
MD-04,house,2015,0.0,MD
MD-05,house,2015,0.0,MD
MD-02,house,2015,0.11,MD
MD-03,house,2015,0.0,MD
MD-08,house,2015,0.0,MD
ME-01,house,2015,0.0,ME
MI-05,house,2015,0.0,MI
MI-09,house,2015,0.0,MI
MN-05,house,2015,0.11,MN
MN-04,house,2015,0.0,MN
MN-08,house,2015,0.0,MN
MN-07,house,2015,0.22,MN
MN-01,house,2015,0.0,MN
MO-01,house,2015,0.0,MO
MO-05,house,2015,0.0,MO
MS-02,house,2015,0.22,MS
NC-04,house,2015,0.0,NC
NE-02,house,2015,0.22,NE
NH-02,house,2015,0.0,NH
NJ-06,house,2015,0.0,NJ
NJ-09,house,2015,0.0,NJ
NJ-08,house,2015,0.0,NJ
NM-01,house,2015,0.0,NM
NM-03,house,2015,0.0,NM
NV-01,house,2015,0.0,NV
NY-09,house,2015,0.0,NY
NY-03,house,2015,0.0,NY
NY-08,house,2015,0.0,NY
NY-05,house,2015,0.0,NY
NY-06,house,2015,0.0,NY
NY-04,house,2015,0.0,NY
NY-07,house,2015,0.0,NY
OH-03,house,2015,0.0,OH
OH-09,house,2015,0.0,OH
OR-03,house,2015,0.0,OR
OR-01,house,2015,0.0,OR
OR-04,house,2015,0.0,OR
OR-05,house,2015,0.11,OR
PA-02,house,2015,0.0,PA
RI-01,house,2015,0.0,RI
RI-02,house,2015,0.0,RI
SC-06,house,2015,0.0,SC
TN-09,house,2015,0.0,TN
TN-05,house,2015,0.11,TN
TX-09,house,2015,0.0,TX
VA-08,house,2015,0.0,VA
VA-03,house,2015,0.0,VA
VT-00,house,2015,0.11,VT
WA-01,house,2015,0.0,WA
WA-06,house,2015,0.0,WA
WA-02,house,2015,0.0,WA
WA-07,house,2015,0.11,WA
WA-09,house,2015,0.0,WA
WI-03,house,2015,0.0,WI
WI-04,house,2015,0.0,WI
WI-02,house,2015,0.11,WI
N\A,senate,2015,0.19,AK
N\A,senate,2015,0.81,AL
N\A,senate,2015,0.5,AR
N\A,senate,2015,0.25,AZ
N\A,senate,2015,0.07,CO
N\A,senate,2015,0.2,FL
N\A,senate,2015,0.31,GA
N\A,senate,2015,0.38,IA
N\A,senate,2015,0.62,ID
N\A,senate,2015,0.0,IL
N\A,senate,2015,0.2,IN
N\A,senate,2015,0.38,KS
N\A,senate,2015,0.44,KY
N\A,senate,2015,0.44,LA
N\A,senate,2015,0.12,ME
N\A,senate,2015,0.33,MO
N\A,senate,2015,0.06,MS
N\A,senate,2015,0.33,MT
N\A,senate,2015,0.31,NC
N\A,senate,2015,0.2,ND
N\A,senate,2015,0.56,NE
N\A,senate,2015,0.0,NH
N\A,senate,2015,0.13,NV
N\A,senate,2015,0.2,OH
N\A,senate,2015,0.38,OK
N\A,senate,2015,0.2,PA
N\A,senate,2015,0.38,SC
N\A,senate,2015,0.06,SD
N\A,senate,2015,0.06,TN
N\A,senate,2015,0.44,TX
N\A,senate,2015,0.38,UT
N\A,senate,2015,0.07,WI
N\A,senate,2015,0.13,WV
N\A,senate,2015,0.12,WY
N\A,senate,2015,0.0,CA
N\A,senate,2015,0.0,CT
N\A,senate,2015,0.0,DE
N\A,senate,2015,0.0,HI
N\A,senate,2015,0.07,MA
N\A,senate,2015,0.0,MD
N\A,senate,2015,0.0,MI
N\A,senate,2015,0.0,MN
N\A,senate,2015,0.0,NJ
N\A,senate,2015,0.0,NM
N\A,senate,2015,0.0,NY
N\A,senate,2015,0.14,OR
N\A,senate,2015,0.0,RI
N\A,senate,2015,0.0,VA
N\A,senate,2015,0.0,VT
N\A,senate,2015,0.0,WA
AK-00,house,2016,0.14,AK
AL-04,house,2016,0.14,AL
AL-05,house,2016,0.71,AL
AL-01,house,2016,0.29,AL
AL-06,house,2016,0.57,AL
AL-02,house,2016,0.0,AL
AL-03,house,2016,0.0,AL
AR-01,house,2016,0.0,AR
AR-02,house,2016,0.14,AR
AR-04,house,2016,0.0,AR
AR-03,house,2016,0.0,AR
AZ-08,house,2016,0.14,AZ
AZ-04,house,2016,0.57,AZ
AZ-02,house,2016,0.0,AZ
AZ-05,house,2016,0.0,AZ
AZ-06,house,2016,0.0,AZ
CA-04,house,2016,0.05,CA
CA-08,house,2016,0.0,CA
CA-01,house,2016,0.0,CA
CA-05,house,2016,0.04,CA
CA-02,house,2016,0.0,CA
CA-03,house,2016,0.0,CA
CO-04,house,2016,0.86,CO
CO-06,house,2016,0.0,CO
CO-05,house,2016,0.14,CO
CO-03,house,2016,0.0,CO
FL-01,house,2016,0.03,FL
FL-04,house,2016,0.0,FL
FL-02,house,2016,0.0,FL
FL-06,house,2016,0.14,FL
FL-07,house,2016,0.0,FL
FL-08,house,2016,0.14,FL
FL-03,house,2016,0.14,FL
GA-01,house,2016,0.23,GA
GA-09,house,2016,0.14,GA
GA-06,house,2016,0.29,GA
GA-08,house,2016,0.0,GA
GA-03,house,2016,0.14,GA
GA-07,house,2016,0.0,GA
IA-01,house,2016,0.14,IA
IA-04,house,2016,0.29,IA
IA-03,house,2016,0.0,IA
ID-01,house,2016,0.71,ID
ID-02,house,2016,0.0,ID
IL-01,house,2016,0.0,IL
IL-06,house,2016,0.0,IL
IN-05,house,2016,0.0,IN
IN-08,house,2016,0.0,IN
IN-06,house,2016,0.0,IN
IN-04,house,2016,0.0,IN
IN-03,house,2016,0.43,IN
IN-02,house,2016,0.0,IN
IN-09,house,2016,0.0,IN
KS-01,house,2016,0.57,KS
KS-02,house,2016,0.0,KS
KS-04,house,2016,0.0,KS
KS-03,house,2016,0.0,KS
KY-06,house,2016,0.0,KY
KY-01,house,2016,0.2,KY
KY-02,house,2016,0.14,KY
KY-04,house,2016,1.0,KY
KY-05,house,2016,0.0,KY
LA-05,house,2016,0.14,LA
LA-03,house,2016,0.14,LA
LA-04,house,2016,0.29,LA
LA-06,house,2016,0.29,LA
LA-01,house,2016,0.0,LA
MD-01,house,2016,0.57,MD
ME-02,house,2016,0.0,ME
MI-03,house,2016,1.0,MI
MI-01,house,2016,0.0,MI
MI-08,house,2016,0.0,MI
MI-02,house,2016,0.14,MI
MI-04,house,2016,0.0,MI
MI-06,house,2016,0.0,MI
MI-07,house,2016,0.0,MI
MN-06,house,2016,0.14,MN
MN-02,house,2016,0.0,MN
MN-03,house,2016,0.0,MN
MO-06,house,2016,0.0,MO
MO-04,house,2016,0.0,MO
MO-07,house,2016,0.14,MO
MO-03,house,2016,0.0,MO
MO-08,house,2016,0.14,MO
MO-02,house,2016,0.0,MO
MS-03,house,2016,0.0,MS
MS-01,house,2016,0.14,MS
MS-04,house,2016,0.29,MS
MT-00,house,2016,0.0,MT
NC-02,house,2016,0.0,NC
NC-05,house,2016,0.14,NC
NC-01,house,2016,0.06,NC
NC-08,house,2016,0.0,NC
NC-03,house,2016,0.71,NC
NC-09,house,2016,0.0,NC
NC-07,house,2016,0.29,NC
NC-06,house,2016,0.29,NC
ND-00,house,2016,0.0,ND
NE-01,house,2016,0.0,NE
NE-03,house,2016,0.0,NE
NH-01,house,2016,0.0,NH
NJ-01,house,2016,0.05,NJ
NJ-05,house,2016,0.14,NJ
NJ-07,house,2016,0.0,NJ
NJ-02,house,2016,0.0,NJ
NJ-03,house,2016,0.0,NJ
NJ-04,house,2016,0.0,NJ
NM-02,house,2016,0.29,NM
NV-02,house,2016,0.0,NV
NV-04,house,2016,0.0,NV
NV-03,house,2016,0.0,NV
NY-02,house,2016,0.0,NY
NY-01,house,2016,0.02,NY
OH-01,house,2016,0.02,OH
OH-08,house,2016,0.29,OH
OH-07,house,2016,0.14,OH
OH-06,house,2016,0.0,OH
OH-04,house,2016,0.43,OH
OH-05,house,2016,0.0,OH
OH-02,house,2016,0.0,OH
OK-01,house,2016,0.71,OK
OK-04,house,2016,0.0,OK
OK-03,house,2016,0.0,OK
OK-02,house,2016,0.0,OK
OK-05,house,2016,0.29,OK
OR-02,house,2016,0.0,OR
PA-01,house,2016,0.0,PA
PA-06,house,2016,0.0,PA
PA-08,house,2016,0.14,PA
PA-03,house,2016,0.0,PA
PA-07,house,2016,0.0,PA
PA-04,house,2016,0.29,PA
PA-09,house,2016,0.0,PA
PA-05,house,2016,0.0,PA
SC-03,house,2016,0.29,SC
SC-04,house,2016,0.14,SC
SC-05,house,2016,0.43,SC
SC-07,house,2016,0.14,SC
SC-01,house,2016,0.57,SC
SC-02,house,2016,0.0,SC
SD-00,house,2016,0.0,SD
TN-06,house,2016,0.14,TN
TN-07,house,2016,0.14,TN
TN-04,house,2016,0.57,TN
TN-02,house,2016,0.43,TN
TN-08,house,2016,0.0,TN
TN-03,house,2016,0.0,TN
TN-01,house,2016,0.0,TN
TX-03,house,2016,0.15,TX
TX-06,house,2016,0.14,TX
TX-08,house,2016,0.0,TX
TX-02,house,2016,0.17,TX
TX-01,house,2016,0.15,TX
TX-07,house,2016,0.14,TX
TX-05,house,2016,0.14,TX
TX-04,house,2016,0.43,TX
UT-01,house,2016,0.0,UT
UT-03,house,2016,0.43,UT
UT-04,house,2016,0.14,UT
UT-02,house,2016,0.14,UT
VA-07,house,2016,0.43,VA
VA-01,house,2016,0.16,VA
VA-04,house,2016,0.0,VA
VA-06,house,2016,0.0,VA
VA-09,house,2016,0.43,VA
VA-05,house,2016,0.0,VA
VA-02,house,2016,0.0,VA
WA-03,house,2016,0.0,WA
WA-04,house,2016,0.0,WA
WA-08,house,2016,0.0,WA
WA-05,house,2016,0.0,WA
WI-07,house,2016,0.0,WI
WI-06,house,2016,0.14,WI
WI-08,house,2016,0.14,WI
WI-05,house,2016,0.29,WI
WV-03,house,2016,0.0,WV
WV-01,house,2016,0.0,WV
WV-02,house,2016,0.14,WV
WY-00,house,2016,0.43,WY
AL-07,house,2016,0.0,AL
AZ-07,house,2016,0.0,AZ
AZ-03,house,2016,0.0,AZ
AZ-01,house,2016,0.0,AZ
AZ-09,house,2016,0.0,AZ
CA-07,house,2016,0.0,CA
CA-06,house,2016,0.0,CA
CA-09,house,2016,0.0,CA
CO-01,house,2016,0.0,CO
CO-07,house,2016,0.0,CO
CO-02,house,2016,0.0,CO
CT-02,house,2016,0.0,CT
CT-03,house,2016,0.0,CT
CT-05,house,2016,0.0,CT
CT-04,house,2016,0.0,CT
CT-01,house,2016,0.0,CT
DE-00,house,2016,0.0,DE
FL-05,house,2016,0.0,FL
FL-09,house,2016,0.0,FL
GA-02,house,2016,0.0,GA
GA-04,house,2016,0.0,GA
GA-05,house,2016,0.0,GA
HI-02,house,2016,0.0,HI
HI-01,house,2016,0.0,HI
IA-02,house,2016,0.0,IA
IL-07,house,2016,0.0,IL
IL-08,house,2016,0.0,IL
IL-04,house,2016,0.0,IL
IL-02,house,2016,0.0,IL
IL-03,house,2016,0.0,IL
IL-05,house,2016,0.0,IL
IL-09,house,2016,0.0,IL
IN-07,house,2016,0.0,IN
IN-01,house,2016,0.0,IN
KY-03,house,2016,0.0,KY
LA-02,house,2016,0.0,LA
MA-07,house,2016,0.0,MA
MA-05,house,2016,0.0,MA
MA-09,house,2016,0.0,MA
MA-04,house,2016,0.0,MA
MA-08,house,2016,0.0,MA
MA-02,house,2016,0.0,MA
MA-06,house,2016,0.0,MA
MA-01,house,2016,0.0,MA
MA-03,house,2016,0.0,MA
MD-07,house,2016,0.0,MD
MD-06,house,2016,0.0,MD
MD-04,house,2016,0.0,MD
MD-05,house,2016,0.0,MD
MD-02,house,2016,0.0,MD
MD-03,house,2016,0.0,MD
MD-08,house,2016,0.0,MD
ME-01,house,2016,0.0,ME
MI-05,house,2016,0.0,MI
MI-09,house,2016,0.0,MI
MN-05,house,2016,0.0,MN
MN-04,house,2016,0.0,MN
MN-08,house,2016,0.0,MN
MN-07,house,2016,0.0,MN
MN-01,house,2016,0.0,MN
MO-01,house,2016,0.0,MO
MO-05,house,2016,0.0,MO
MS-02,house,2016,0.0,MS
NC-04,house,2016,0.0,NC
NE-02,house,2016,0.0,NE
NH-02,house,2016,0.0,NH
NJ-06,house,2016,0.0,NJ
NJ-09,house,2016,0.0,NJ
NJ-08,house,2016,0.0,NJ
NM-01,house,2016,0.0,NM
NM-03,house,2016,0.0,NM
NV-01,house,2016,0.0,NV
NY-09,house,2016,0.0,NY
NY-03,house,2016,0.0,NY
NY-08,house,2016,0.0,NY
NY-05,house,2016,0.0,NY
NY-06,house,2016,0.0,NY
NY-04,house,2016,0.0,NY
NY-07,house,2016,0.0,NY
OH-03,house,2016,0.0,OH
OH-09,house,2016,0.0,OH
OR-03,house,2016,0.0,OR
OR-01,house,2016,0.0,OR
OR-04,house,2016,0.0,OR
OR-05,house,2016,0.0,OR
PA-02,house,2016,0.0,PA
RI-01,house,2016,0.0,RI
RI-02,house,2016,0.0,RI
SC-06,house,2016,0.0,SC
TN-09,house,2016,0.0,TN
TN-05,house,2016,0.0,TN
TX-09,house,2016,0.0,TX
VA-08,house,2016,0.0,VA
VA-03,house,2016,0.0,VA
VT-00,house,2016,0.0,VT
WA-01,house,2016,0.0,WA
WA-06,house,2016,0.0,WA
WA-02,house,2016,0.0,WA
WA-07,house,2016,0.0,WA
WA-09,house,2016,0.0,WA
WI-03,house,2016,0.0,WI
WI-04,house,2016,0.0,WI
WI-02,house,2016,0.0,WI
N\A,senate,2016,0.2,AK
N\A,senate,2016,0.3,AL
N\A,senate,2016,0.2,AR
N\A,senate,2016,0.4,AZ
N\A,senate,2016,0.12,CO
N\A,senate,2016,0.0,FL
N\A,senate,2016,0.3,GA
N\A,senate,2016,0.2,IA
N\A,senate,2016,0.6,ID
N\A,senate,2016,0.0,IL
N\A,senate,2016,0.12,IN
N\A,senate,2016,0.2,KS
N\A,senate,2016,0.4,KY
N\A,senate,2016,0.1,LA
N\A,senate,2016,0.0,ME
N\A,senate,2016,0.12,MO
N\A,senate,2016,0.1,MS
N\A,senate,2016,0.12,MT
N\A,senate,2016,0.2,NC
N\A,senate,2016,0.12,ND
N\A,senate,2016,0.5,NE
N\A,senate,2016,0.12,NH
N\A,senate,2016,0.38,NV
N\A,senate,2016,0.0,OH
N\A,senate,2016,0.4,OK
N\A,senate,2016,0.0,PA
N\A,senate,2016,0.3,SC
N\A,senate,2016,0.2,SD
N\A,senate,2016,0.3,TN
N\A,senate,2016,0.2,TX
N\A,senate,2016,0.5,UT
N\A,senate,2016,0.12,WI
N\A,senate,2016,0.12,WV
N\A,senate,2016,0.2,WY
N\A,senate,2016,0.0,CA
N\A,senate,2016,0.0,CT
N\A,senate,2016,0.0,DE
N\A,senate,2016,0.0,HI
N\A,senate,2016,0.0,MA
N\A,senate,2016,0.0,MD
N\A,senate,2016,0.0,MI
N\A,senate,2016,0.0,MN
N\A,senate,2016,0.0,NJ
N\A,senate,2016,0.0,NM
N\A,senate,2016,0.17,NY
N\A,senate,2016,0.0,OR
N\A,senate,2016,0.0,RI
N\A,senate,2016,0.0,VA
N\A,senate,2016,0.0,VT
N\A,senate,2016,0.0,WA
AK-00,house,2017,0.0,AK
AL-04,house,2017,0.11,AL
AL-05,house,2017,0.67,AL
AL-01,house,2017,0.22,AL
AL-06,house,2017,0.67,AL
AL-02,house,2017,0.22,AL
AL-03,house,2017,0.22,AL
AR-01,house,2017,0.11,AR
AR-02,house,2017,0.33,AR
AR-04,house,2017,0.33,AR
AR-03,house,2017,0.11,AR
AZ-05,house,2017,0.89,AZ
AZ-08,house,2017,0.5,AZ
AZ-04,house,2017,0.78,AZ
AZ-02,house,2017,0.22,AZ
AZ-06,house,2017,0.56,AZ
CA-04,house,2017,0.13,CA
CA-08,house,2017,0.11,CA
CA-01,house,2017,0.03,CA
CA-05,house,2017,0.17,CA
CA-02,house,2017,0.07,CA
CA-03,house,2017,0.05,CA
CO-04,house,2017,0.78,CO
CO-06,house,2017,0.11,CO
CO-05,house,2017,0.56,CO
CO-03,house,2017,0.33,CO
FL-01,house,2017,0.2,FL
FL-02,house,2017,0.05,FL
FL-06,house,2017,0.33,FL
FL-08,house,2017,0.22,FL
FL-04,house,2017,0.11,FL
FL-03,house,2017,0.44,FL
GA-01,house,2017,0.3,GA
GA-09,house,2017,0.22,GA
GA-03,house,2017,0.22,GA
GA-06,house,2017,0.0,GA
GA-08,house,2017,0.11,GA
GA-07,house,2017,0.22,GA
IA-01,house,2017,0.33,IA
IA-04,house,2017,0.22,IA
IA-03,house,2017,0.33,IA
ID-01,house,2017,0.44,ID
ID-02,house,2017,0.11,ID
IL-01,house,2017,0.16,IL
IL-06,house,2017,0.33,IL
IN-03,house,2017,0.56,IN
IN-05,house,2017,0.11,IN
IN-08,house,2017,0.11,IN
IN-09,house,2017,0.44,IN
IN-06,house,2017,0.67,IN
IN-04,house,2017,0.56,IN
IN-02,house,2017,0.33,IN
KS-04,house,2017,0.25,KS
KS-02,house,2017,0.22,KS
KS-01,house,2017,0.22,KS
KS-03,house,2017,0.22,KS
KY-06,house,2017,0.33,KY
KY-01,house,2017,0.44,KY
KY-02,house,2017,0.11,KY
KY-04,house,2017,1.0,KY
KY-05,house,2017,0.11,KY
LA-05,house,2017,0.22,LA
LA-06,house,2017,0.22,LA
LA-03,house,2017,0.11,LA
LA-04,house,2017,0.33,LA
LA-01,house,2017,0.11,LA
MD-01,house,2017,0.67,MD
ME-02,house,2017,0.11,ME
MI-03,house,2017,1.0,MI
MI-01,house,2017,0.1,MI
MI-08,house,2017,0.22,MI
MI-02,house,2017,0.22,MI
MI-04,house,2017,0.11,MI
MI-06,house,2017,0.11,MI
MI-07,house,2017,0.11,MI
MN-06,house,2017,0.56,MN
MN-02,house,2017,0.44,MN
MN-03,house,2017,0.11,MN
MO-06,house,2017,0.22,MO
MO-04,house,2017,0.22,MO
MO-07,house,2017,0.33,MO
MO-03,house,2017,0.22,MO
MO-08,house,2017,0.56,MO
MO-02,house,2017,0.33,MO
MS-03,house,2017,0.11,MS
MS-01,house,2017,0.44,MS
MS-04,house,2017,0.11,MS
MT-00,house,2017,0.0,MT
NC-01,house,2017,0.3,NC
NC-05,house,2017,0.56,NC
NC-02,house,2017,0.56,NC
NC-08,house,2017,0.44,NC
NC-03,house,2017,0.78,NC
NC-09,house,2017,0.11,NC
NC-07,house,2017,0.44,NC
NC-06,house,2017,0.56,NC
ND-00,house,2017,0.11,ND
NE-02,house,2017,0.22,NE
NE-01,house,2017,0.22,NE
NE-03,house,2017,0.22,NE
NJ-01,house,2017,0.04,NJ
NJ-07,house,2017,0.11,NJ
NJ-02,house,2017,0.11,NJ
NJ-03,house,2017,0.11,NJ
NJ-04,house,2017,0.0,NJ
NM-02,house,2017,0.44,NM
NV-02,house,2017,0.11,NV
NY-02,house,2017,0.09,NY
NY-01,house,2017,0.06,NY
OH-01,house,2017,0.19,OH
OH-08,house,2017,0.56,OH
OH-07,house,2017,0.44,OH
OH-06,house,2017,0.11,OH
OH-04,house,2017,0.78,OH
OH-05,house,2017,0.22,OH
OH-02,house,2017,0.44,OH
OK-01,house,2017,0.22,OK
OK-04,house,2017,0.11,OK
OK-03,house,2017,0.11,OK
OK-02,house,2017,0.44,OK
OK-05,house,2017,0.33,OK
OR-02,house,2017,0.11,OR
PA-01,house,2017,0.12,PA
PA-06,house,2017,0.0,PA
PA-08,house,2017,0.11,PA
PA-03,house,2017,0.11,PA
PA-07,house,2017,0.11,PA
PA-04,house,2017,0.67,PA
PA-09,house,2017,0.11,PA
PA-05,house,2017,0.11,PA
SC-03,house,2017,0.56,SC
SC-04,house,2017,0.11,SC
SC-05,house,2017,0.33,SC
SC-07,house,2017,0.11,SC
SC-01,house,2017,0.89,SC
SC-02,house,2017,0.11,SC
SD-00,house,2017,0.56,SD
TN-06,house,2017,0.33,TN
TN-07,house,2017,0.56,TN
TN-04,house,2017,0.56,TN
TN-02,house,2017,0.89,TN
TN-03,house,2017,0.11,TN
TN-08,house,2017,0.44,TN
TN-01,house,2017,0.22,TN
TX-01,house,2017,0.17,TX
TX-03,house,2017,0.16,TX
TX-06,house,2017,0.44,TX
TX-08,house,2017,0.11,TX
TX-02,house,2017,0.22,TX
TX-07,house,2017,0.11,TX
TX-05,house,2017,0.44,TX
TX-04,house,2017,0.44,TX
UT-01,house,2017,0.22,UT
UT-03,house,2017,0.25,UT
UT-04,house,2017,0.22,UT
UT-02,house,2017,0.44,UT
VA-07,house,2017,0.78,VA
VA-01,house,2017,0.22,VA
VA-05,house,2017,0.67,VA
VA-06,house,2017,0.56,VA
VA-09,house,2017,0.67,VA
VA-02,house,2017,0.11,VA
WA-03,house,2017,0.22,WA
WA-04,house,2017,0.11,WA
WA-08,house,2017,0.11,WA
WA-05,house,2017,0.11,WA
WI-07,house,2017,0.44,WI
WI-08,house,2017,0.44,WI
WI-06,house,2017,0.44,WI
WI-01,house,2017,0.0,WI
WI-05,house,2017,0.67,WI
WV-03,house,2017,0.22,WV
WV-01,house,2017,0.11,WV
WV-02,house,2017,0.56,WV
WY-00,house,2017,0.33,WY
AL-07,house,2017,0.0,AL
AZ-07,house,2017,0.2,AZ
AZ-03,house,2017,0.2,AZ
AZ-01,house,2017,0.0,AZ
AZ-09,house,2017,0.2,AZ
CA-07,house,2017,0.0,CA
CA-06,house,2017,0.0,CA
CA-09,house,2017,0.0,CA
CO-01,house,2017,0.0,CO
CO-07,house,2017,0.0,CO
CO-02,house,2017,0.0,CO
CT-02,house,2017,0.0,CT
CT-03,house,2017,0.0,CT
CT-05,house,2017,0.0,CT
CT-04,house,2017,0.0,CT
CT-01,house,2017,0.0,CT
DE-00,house,2017,0.0,DE
FL-05,house,2017,0.0,FL
FL-07,house,2017,0.0,FL
FL-09,house,2017,0.0,FL
GA-02,house,2017,0.0,GA
GA-04,house,2017,0.0,GA
GA-05,house,2017,0.0,GA
HI-02,house,2017,0.0,HI
HI-01,house,2017,0.0,HI
IA-02,house,2017,0.0,IA
IL-07,house,2017,0.0,IL
IL-04,house,2017,0.2,IL
IL-02,house,2017,0.0,IL
IL-08,house,2017,0.0,IL
IL-03,house,2017,0.0,IL
IL-05,house,2017,0.0,IL
IL-09,house,2017,0.0,IL
IN-07,house,2017,0.0,IN
IN-01,house,2017,0.0,IN
KY-03,house,2017,0.0,KY
LA-02,house,2017,0.0,LA
MA-07,house,2017,0.0,MA
MA-05,house,2017,0.0,MA
MA-09,house,2017,0.0,MA
MA-04,house,2017,0.0,MA
MA-08,house,2017,0.0,MA
MA-02,house,2017,0.0,MA
MA-06,house,2017,0.0,MA
MA-01,house,2017,0.0,MA
MA-03,house,2017,0.0,MA
MD-04,house,2017,0.0,MD
MD-07,house,2017,0.0,MD
MD-06,house,2017,0.0,MD
MD-05,house,2017,0.0,MD
MD-08,house,2017,0.0,MD
MD-02,house,2017,0.0,MD
MD-03,house,2017,0.0,MD
ME-01,house,2017,0.0,ME
MI-05,house,2017,0.0,MI
MI-09,house,2017,0.0,MI
MN-05,house,2017,0.2,MN
MN-04,house,2017,0.0,MN
MN-08,house,2017,0.0,MN
MN-07,house,2017,0.2,MN
MN-01,house,2017,0.0,MN
MO-01,house,2017,0.0,MO
MO-05,house,2017,0.0,MO
MS-02,house,2017,0.0,MS
NC-04,house,2017,0.0,NC
NH-02,house,2017,0.0,NH
NH-01,house,2017,0.0,NH
NJ-05,house,2017,0.0,NJ
NJ-06,house,2017,0.0,NJ
NJ-09,house,2017,0.0,NJ
NJ-08,house,2017,0.0,NJ
NM-01,house,2017,0.0,NM
NM-03,house,2017,0.0,NM
NV-04,house,2017,0.0,NV
NV-03,house,2017,0.0,NV
NV-01,house,2017,0.0,NV
NY-09,house,2017,0.0,NY
NY-08,house,2017,0.0,NY
NY-05,house,2017,0.0,NY
NY-06,house,2017,0.0,NY
NY-04,house,2017,0.0,NY
NY-03,house,2017,0.0,NY
NY-07,house,2017,0.0,NY
OH-03,house,2017,0.0,OH
OH-09,house,2017,0.0,OH
OR-03,house,2017,0.0,OR
OR-01,house,2017,0.0,OR
OR-04,house,2017,0.0,OR
OR-05,house,2017,0.0,OR
PA-02,house,2017,0.0,PA
RI-01,house,2017,0.0,RI
RI-02,house,2017,0.0,RI
SC-06,house,2017,0.0,SC
TN-09,house,2017,0.0,TN
TN-05,house,2017,0.0,TN
TX-09,house,2017,0.0,TX
VA-08,house,2017,0.0,VA
VA-04,house,2017,0.0,VA
VA-03,house,2017,0.0,VA
VT-00,house,2017,0.0,VT
WA-01,house,2017,0.0,WA
WA-07,house,2017,0.0,WA
WA-06,house,2017,0.0,WA
WA-02,house,2017,0.0,WA
WA-09,house,2017,0.0,WA
WI-03,house,2017,0.0,WI
WI-04,house,2017,0.0,WI
WI-02,house,2017,0.0,WI
N\A,senate,2017,0.25,AK
N\A,senate,2017,0.62,AL
N\A,senate,2017,0.5,AR
N\A,senate,2017,0.75,AZ
N\A,senate,2017,0.12,CO
N\A,senate,2017,0.12,FL
N\A,senate,2017,0.25,GA
N\A,senate,2017,0.75,IA
N\A,senate,2017,0.88,ID
N\A,senate,2017,0.12,IN
N\A,senate,2017,0.38,KS
N\A,senate,2017,0.5,KY
N\A,senate,2017,0.38,LA
N\A,senate,2017,0.25,ME
N\A,senate,2017,0.12,MO
N\A,senate,2017,0.25,MS
N\A,senate,2017,0.38,MT
N\A,senate,2017,0.25,NC
N\A,senate,2017,0.12,ND
N\A,senate,2017,0.75,NE
N\A,senate,2017,0.25,NV
N\A,senate,2017,0.12,OH
N\A,senate,2017,0.62,OK
N\A,senate,2017,0.5,PA
N\A,senate,2017,0.62,SC
N\A,senate,2017,0.25,SD
N\A,senate,2017,0.62,TN
N\A,senate,2017,0.38,TX
N\A,senate,2017,0.62,UT
N\A,senate,2017,0.38,WI
N\A,senate,2017,0.12,WV
N\A,senate,2017,0.62,WY
N\A,senate,2017,0.0,CA
N\A,senate,2017,0.0,CT
N\A,senate,2017,0.0,DE
N\A,senate,2017,0.0,HI
N\A,senate,2017,0.0,IL
N\A,senate,2017,0.0,MA
N\A,senate,2017,0.0,MD
N\A,senate,2017,0.0,MI
N\A,senate,2017,0.0,MN
N\A,senate,2017,0.0,NH
N\A,senate,2017,0.0,NJ
N\A,senate,2017,0.0,NM
N\A,senate,2017,0.0,NY
N\A,senate,2017,0.0,OR
N\A,senate,2017,0.0,RI
N\A,senate,2017,0.0,VA
N\A,senate,2017,0.0,VT
N\A,senate,2017,0.0,WA
AK-00,house,2018,0.0,AK
AL-04,house,2018,0.0,AL
AL-05,house,2018,0.65,AL
AL-01,house,2018,0.0,AL
AL-06,house,2018,0.29,AL
AL-02,house,2018,0.0,AL
AL-03,house,2018,0.0,AL
AR-01,house,2018,0.0,AR
AR-02,house,2018,0.06,AR
AR-04,house,2018,0.18,AR
AR-03,house,2018,0.0,AR
AZ-05,house,2018,1.0,AZ
AZ-04,house,2018,0.71,AZ
AZ-08,house,2018,0.27,AZ
AZ-02,house,2018,0.06,AZ
AZ-06,house,2018,0.29,AZ
CA-04,house,2018,0.14,CA
CA-08,house,2018,0.0,CA
CA-01,house,2018,0.04,CA
CA-05,house,2018,0.02,CA
CA-02,house,2018,0.0,CA
CA-03,house,2018,0.03,CA
CO-04,house,2018,0.59,CO
CO-06,house,2018,0.12,CO
CO-05,house,2018,0.18,CO
CO-03,house,2018,0.0,CO
FL-01,house,2018,0.11,FL
FL-02,house,2018,0.04,FL
FL-06,house,2018,0.09,FL
FL-08,house,2018,0.18,FL
FL-04,house,2018,0.0,FL
FL-03,house,2018,0.29,FL
GA-01,house,2018,0.13,GA
GA-09,house,2018,0.0,GA
GA-03,house,2018,0.0,GA
GA-06,house,2018,0.0,GA
GA-08,house,2018,0.0,GA
GA-07,house,2018,0.0,GA
IA-01,house,2018,0.12,IA
IA-04,house,2018,0.24,IA
IA-03,house,2018,0.0,IA
ID-01,house,2018,0.53,ID
ID-02,house,2018,0.0,ID
IL-01,house,2018,0.01,IL
IL-06,house,2018,0.0,IL
IN-03,house,2018,0.18,IN
IN-05,house,2018,0.0,IN
IN-08,house,2018,0.0,IN
IN-09,house,2018,0.41,IN
IN-06,house,2018,0.06,IN
IN-04,house,2018,0.29,IN
IN-02,house,2018,0.0,IN
KS-04,house,2018,0.0,KS
KS-02,house,2018,0.0,KS
KS-01,house,2018,0.0,KS
KS-03,house,2018,0.06,KS
KY-06,house,2018,0.0,KY
KY-01,house,2018,0.12,KY
KY-02,house,2018,0.0,KY
KY-04,house,2018,1.0,KY
KY-05,house,2018,0.0,KY
LA-05,house,2018,0.12,LA
LA-06,house,2018,0.12,LA
LA-03,house,2018,0.12,LA
LA-04,house,2018,0.18,LA
LA-01,house,2018,0.0,LA
MD-01,house,2018,0.41,MD
ME-02,house,2018,0.0,ME
MI-03,house,2018,1.0,MI
MI-01,house,2018,0.01,MI
MI-08,house,2018,0.0,MI
MI-02,house,2018,0.0,MI
MI-04,house,2018,0.0,MI
MI-06,house,2018,0.06,MI
MI-07,house,2018,0.0,MI
MN-06,house,2018,0.18,MN
MN-02,house,2018,0.18,MN
MN-03,house,2018,0.0,MN
MO-06,house,2018,0.0,MO
MO-04,house,2018,0.0,MO
MO-07,house,2018,0.12,MO
MO-03,house,2018,0.06,MO
MO-08,house,2018,0.29,MO
MO-02,house,2018,0.0,MO
MS-03,house,2018,0.0,MS
MS-01,house,2018,0.18,MS
MS-04,house,2018,0.0,MS
MT-00,house,2018,0.18,MT
NC-01,house,2018,0.14,NC
NC-05,house,2018,0.29,NC
NC-02,house,2018,0.24,NC
NC-08,house,2018,0.18,NC
NC-03,house,2018,0.41,NC
NC-09,house,2018,0.0,NC
NC-07,house,2018,0.12,NC
NC-06,house,2018,0.35,NC
ND-00,house,2018,0.0,ND
NE-02,house,2018,0.0,NE
NE-01,house,2018,0.0,NE
NE-03,house,2018,0.18,NE
NJ-01,house,2018,0.04,NJ
NJ-07,house,2018,0.12,NJ
NJ-02,house,2018,0.12,NJ
NJ-03,house,2018,0.0,NJ
NJ-04,house,2018,0.06,NJ
NM-02,house,2018,0.18,NM
NV-02,house,2018,0.0,NV
NY-02,house,2018,0.05,NY
NY-01,house,2018,0.02,NY
OH-01,house,2018,0.06,OH
OH-08,house,2018,0.53,OH
OH-07,house,2018,0.0,OH
OH-06,house,2018,0.0,OH
OH-04,house,2018,0.47,OH
OH-05,house,2018,0.06,OH
OH-02,house,2018,0.12,OH
OK-01,house,2018,0.0,OK
OK-04,house,2018,0.0,OK
OK-03,house,2018,0.0,OK
OK-02,house,2018,0.12,OK
OK-05,house,2018,0.06,OK
OR-02,house,2018,0.0,OR
PA-01,house,2018,0.06,PA
PA-06,house,2018,0.0,PA
PA-08,house,2018,0.12,PA
PA-03,house,2018,0.12,PA
PA-07,house,2018,0.0,PA
PA-04,house,2018,0.41,PA
PA-09,house,2018,0.0,PA
PA-05,house,2018,0.0,PA
SC-03,house,2018,0.41,SC
SC-04,house,2018,0.0,SC
SC-05,house,2018,0.35,SC
SC-07,house,2018,0.18,SC
SC-01,house,2018,0.71,SC
SC-02,house,2018,0.0,SC
SD-00,house,2018,0.12,SD
TN-06,house,2018,0.06,TN
TN-07,house,2018,0.12,TN
TN-04,house,2018,0.12,TN
TN-02,house,2018,0.71,TN
TN-03,house,2018,0.0,TN
TN-08,house,2018,0.0,TN
TN-01,house,2018,0.0,TN
TX-01,house,2018,0.11,TX
TX-03,house,2018,0.05,TX
TX-06,house,2018,0.35,TX
TX-08,house,2018,0.0,TX
TX-02,house,2018,0.06,TX
TX-07,house,2018,0.0,TX
TX-05,house,2018,0.29,TX
TX-04,house,2018,0.35,TX
UT-01,house,2018,0.06,UT
UT-03,house,2018,0.18,UT
UT-04,house,2018,0.12,UT
UT-02,house,2018,0.12,UT
VA-07,house,2018,0.41,VA
VA-01,house,2018,0.0,VA
VA-05,house,2018,0.82,VA
VA-06,house,2018,0.0,VA
VA-09,house,2018,0.18,VA
VA-02,house,2018,0.0,VA
WA-03,house,2018,0.06,WA
WA-04,house,2018,0.12,WA
WA-08,house,2018,0.0,WA
WA-05,house,2018,0.0,WA
WI-07,house,2018,0.18,WI
WI-08,house,2018,0.18,WI
WI-06,house,2018,0.12,WI
WI-01,house,2018,0.0,WI
WI-05,house,2018,0.53,WI
WV-03,house,2018,0.0,WV
WV-01,house,2018,0.0,WV
WV-02,house,2018,0.35,WV
WY-00,house,2018,0.06,WY
AL-07,house,2018,0.0,AL
AZ-07,house,2018,0.0,AZ
AZ-03,house,2018,0.0,AZ
AZ-01,house,2018,0.0,AZ
AZ-09,house,2018,0.0,AZ
CA-07,house,2018,0.0,CA
CA-06,house,2018,0.0,CA
CA-09,house,2018,0.0,CA
CO-01,house,2018,0.0,CO
CO-07,house,2018,0.0,CO
CO-02,house,2018,0.0,CO
CT-02,house,2018,0.0,CT
CT-03,house,2018,0.0,CT
CT-05,house,2018,0.0,CT
CT-04,house,2018,0.0,CT
CT-01,house,2018,0.0,CT
DE-00,house,2018,0.0,DE
FL-05,house,2018,0.0,FL
FL-07,house,2018,0.0,FL
FL-09,house,2018,0.0,FL
GA-02,house,2018,0.0,GA
GA-04,house,2018,0.0,GA
GA-05,house,2018,0.0,GA
HI-02,house,2018,0.0,HI
HI-01,house,2018,0.0,HI
IA-02,house,2018,0.0,IA
IL-07,house,2018,0.0,IL
IL-04,house,2018,0.0,IL
IL-02,house,2018,0.0,IL
IL-08,house,2018,0.0,IL
IL-03,house,2018,0.0,IL
IL-05,house,2018,0.0,IL
IL-09,house,2018,0.1,IL
IN-07,house,2018,0.0,IN
IN-01,house,2018,0.0,IN
KY-03,house,2018,0.0,KY
LA-02,house,2018,0.0,LA
MA-07,house,2018,0.0,MA
MA-05,house,2018,0.0,MA
MA-09,house,2018,0.0,MA
MA-04,house,2018,0.0,MA
MA-08,house,2018,0.0,MA
MA-02,house,2018,0.0,MA
MA-06,house,2018,0.0,MA
MA-01,house,2018,0.0,MA
MA-03,house,2018,0.0,MA
MD-04,house,2018,0.0,MD
MD-07,house,2018,0.0,MD
MD-06,house,2018,0.0,MD
MD-05,house,2018,0.0,MD
MD-08,house,2018,0.0,MD
MD-02,house,2018,0.0,MD
MD-03,house,2018,0.0,MD
ME-01,house,2018,0.0,ME
MI-05,house,2018,0.0,MI
MI-09,house,2018,0.0,MI
MN-05,house,2018,0.0,MN
MN-04,house,2018,0.0,MN
MN-08,house,2018,0.0,MN
MN-07,house,2018,0.0,MN
MN-01,house,2018,0.0,MN
MO-01,house,2018,0.0,MO
MO-05,house,2018,0.0,MO
MS-02,house,2018,0.0,MS
NC-04,house,2018,0.0,NC
NH-02,house,2018,0.0,NH
NH-01,house,2018,0.0,NH
NJ-05,house,2018,0.0,NJ
NJ-06,house,2018,0.0,NJ
NJ-09,house,2018,0.0,NJ
NJ-08,house,2018,0.0,NJ
NM-01,house,2018,0.0,NM
NM-03,house,2018,0.0,NM
NV-04,house,2018,0.0,NV
NV-03,house,2018,0.0,NV
NV-01,house,2018,0.0,NV
NY-09,house,2018,0.0,NY
NY-08,house,2018,0.0,NY
NY-05,house,2018,0.0,NY
NY-06,house,2018,0.0,NY
NY-04,house,2018,0.0,NY
NY-03,house,2018,0.1,NY
NY-07,house,2018,0.0,NY
OH-03,house,2018,0.0,OH
OH-09,house,2018,0.0,OH
OR-03,house,2018,0.2,OR
OR-01,house,2018,0.0,OR
OR-04,house,2018,0.0,OR
OR-05,house,2018,0.0,OR
PA-02,house,2018,0.0,PA
RI-01,house,2018,0.0,RI
RI-02,house,2018,0.0,RI
SC-06,house,2018,0.0,SC
TN-09,house,2018,0.0,TN
TN-05,house,2018,0.0,TN
TX-09,house,2018,0.0,TX
VA-08,house,2018,0.0,VA
VA-04,house,2018,0.0,VA
VA-03,house,2018,0.0,VA
VT-00,house,2018,0.0,VT
WA-01,house,2018,0.0,WA
WA-07,house,2018,0.1,WA
WA-06,house,2018,0.0,WA
WA-02,house,2018,0.0,WA
WA-09,house,2018,0.0,WA
WI-03,house,2018,0.1,WI
WI-04,house,2018,0.1,WI
WI-02,house,2018,0.0,WI
N\A,senate,2018,0.11,AK
N\A,senate,2018,0.06,AL
N\A,senate,2018,0.22,AR
N\A,senate,2018,0.44,AZ
N\A,senate,2018,0.06,CO
N\A,senate,2018,0.06,FL
N\A,senate,2018,0.11,GA
N\A,senate,2018,0.22,IA
N\A,senate,2018,0.39,ID
N\A,senate,2018,0.0,IN
N\A,senate,2018,0.0,KS
N\A,senate,2018,0.44,KY
N\A,senate,2018,0.28,LA
N\A,senate,2018,0.0,ME
N\A,senate,2018,0.0,MO
N\A,senate,2018,0.0,MS
N\A,senate,2018,0.12,MT
N\A,senate,2018,0.17,NC
N\A,senate,2018,0.0,ND
N\A,senate,2018,0.28,NE
N\A,senate,2018,0.06,NV
N\A,senate,2018,0.0,OH
N\A,senate,2018,0.33,OK
N\A,senate,2018,0.38,PA
N\A,senate,2018,0.0,SC
N\A,senate,2018,0.0,SD
N\A,senate,2018,0.17,TN
N\A,senate,2018,0.06,TX
N\A,senate,2018,0.44,UT
N\A,senate,2018,0.31,WI
N\A,senate,2018,0.0,WV
N\A,senate,2018,0.39,WY
N\A,senate,2018,0.0,CA
N\A,senate,2018,0.0,CT
N\A,senate,2018,0.0,DE
N\A,senate,2018,0.0,HI
N\A,senate,2018,0.0,IL
N\A,senate,2018,0.14,MA
N\A,senate,2018,0.0,MD
N\A,senate,2018,0.0,MI
N\A,senate,2018,0.0,MN
N\A,senate,2018,0.0,NH
N\A,senate,2018,0.0,NJ
N\A,senate,2018,0.0,NM
N\A,senate,2018,0.07,NY
N\A,senate,2018,0.0,OR
N\A,senate,2018,0.0,RI
N\A,senate,2018,0.0,VA
N\A,senate,2018,0.0,VT
N\A,senate,2018,0.0,WA
AK-00,house,2019,0.12,AK
AL-04,house,2019,0.12,AL
AL-05,house,2019,0.88,AL
AL-01,house,2019,0.5,AL
AL-06,house,2019,0.62,AL
AL-02,house,2019,0.0,AL
AL-03,house,2019,0.25,AL
AR-01,house,2019,0.38,AR
AR-02,house,2019,0.0,AR
AR-04,house,2019,0.5,AR
AR-03,house,2019,0.0,AR
AZ-05,house,2019,0.88,AZ
AZ-04,house,2019,0.75,AZ
AZ-08,house,2019,0.5,AZ
AZ-06,house,2019,0.5,AZ
CA-04,house,2019,0.07,CA
CA-08,house,2019,0.0,CA
CA-05,house,2019,0.19,CA
CA-01,house,2019,0.05,CA
CA-02,house,2019,0.04,CA
CO-04,house,2019,0.88,CO
CO-05,house,2019,0.5,CO
CO-03,house,2019,0.5,CO
FL-01,house,2019,0.33,FL
FL-02,house,2019,0.02,FL
FL-08,house,2019,0.5,FL
FL-04,house,2019,0.0,FL
FL-06,house,2019,0.38,FL
FL-03,house,2019,1.0,FL
GA-01,house,2019,0.46,GA
GA-09,house,2019,0.25,GA
GA-03,house,2019,0.12,GA
GA-08,house,2019,0.5,GA
GA-07,house,2019,0.0,GA
IA-04,house,2019,0.62,IA
ID-01,house,2019,0.5,ID
ID-02,house,2019,0.0,ID
IL-01,house,2019,0.09,IL
IN-04,house,2019,0.38,IN
IN-03,house,2019,0.62,IN
IN-05,house,2019,0.0,IN
IN-08,house,2019,0.38,IN
IN-09,house,2019,0.38,IN
IN-06,house,2019,0.0,IN
IN-02,house,2019,0.12,IN
KS-04,house,2019,0.5,KS
KS-01,house,2019,0.5,KS
KS-02,house,2019,0.5,KS
KY-06,house,2019,0.25,KY
KY-01,house,2019,0.38,KY
KY-02,house,2019,0.12,KY
KY-04,house,2019,1.0,KY
KY-05,house,2019,0.0,KY
LA-05,house,2019,0.5,LA
LA-06,house,2019,0.62,LA
LA-03,house,2019,0.75,LA
LA-04,house,2019,0.62,LA
LA-01,house,2019,0.25,LA
MD-01,house,2019,0.88,MD
MI-03,house,2019,1.0,MI
MI-01,house,2019,0.12,MI
MI-02,house,2019,0.62,MI
MI-04,house,2019,0.12,MI
MI-06,house,2019,0.0,MI
MI-07,house,2019,0.38,MI
MN-06,house,2019,0.38,MN
MN-01,house,2019,0.38,MN
MN-08,house,2019,0.25,MN
MO-06,house,2019,0.62,MO
MO-04,house,2019,0.12,MO
MO-07,house,2019,0.38,MO
MO-03,house,2019,0.0,MO
MO-08,house,2019,0.62,MO
MO-02,house,2019,0.12,MO
MS-03,house,2019,0.25,MS
MS-01,house,2019,0.5,MS
MS-04,house,2019,0.0,MS
MT-00,house,2019,0.25,MT
NC-09,house,2019,0.67,NC
NC-01,house,2019,0.28,NC
NC-05,house,2019,0.38,NC
NC-02,house,2019,0.62,NC
NC-08,house,2019,0.5,NC
NC-03,house,2019,0.67,NC
NC-07,house,2019,0.5,NC
NC-06,house,2019,0.5,NC
ND-00,house,2019,0.38,ND
NE-02,house,2019,0.0,NE
NE-01,house,2019,0.0,NE
NE-03,house,2019,0.38,NE
NJ-04,house,2019,0.0,NJ
NV-02,house,2019,0.12,NV
NY-02,house,2019,0.03,NY
NY-01,house,2019,0.06,NY
OH-01,house,2019,0.17,OH
OH-08,house,2019,0.75,OH
OH-07,house,2019,0.25,OH
OH-06,house,2019,0.0,OH
OH-04,house,2019,0.62,OH
OH-05,house,2019,0.5,OH
OH-02,house,2019,0.5,OH
OK-04,house,2019,0.0,OK
OK-01,house,2019,0.62,OK
OK-03,house,2019,0.12,OK
OK-02,house,2019,0.62,OK
OR-02,house,2019,0.0,OR
PA-01,house,2019,0.32,PA
PA-09,house,2019,0.25,PA
SC-03,house,2019,0.5,SC
SC-05,house,2019,0.62,SC
SC-07,house,2019,0.62,SC
SC-04,house,2019,0.5,SC
SC-02,house,2019,0.25,SC
SD-00,house,2019,0.38,SD
TN-02,house,2019,0.5,TN
TN-04,house,2019,0.5,TN
TN-03,house,2019,0.0,TN
TN-07,house,2019,0.75,TN
TN-08,house,2019,0.0,TN
TN-01,house,2019,0.12,TN
TN-06,house,2019,0.5,TN
TX-01,house,2019,0.28,TX
TX-03,house,2019,0.2,TX
TX-08,house,2019,0.12,TX
TX-02,house,2019,0.44,TX
TX-05,house,2019,0.62,TX
TX-04,house,2019,0.5,TX
TX-06,house,2019,0.62,TX
UT-01,house,2019,0.0,UT
UT-03,house,2019,0.5,UT
UT-02,house,2019,0.25,UT
VA-06,house,2019,0.75,VA
VA-09,house,2019,0.62,VA
VA-05,house,2019,0.38,VA
VA-01,house,2019,0.15,VA
WA-03,house,2019,0.12,WA
WA-04,house,2019,0.12,WA
WA-05,house,2019,0.38,WA
WI-07,house,2019,0.67,WI
WI-08,house,2019,0.5,WI
WI-06,house,2019,0.62,WI
WI-05,house,2019,0.62,WI
WI-01,house,2019,0.25,WI
WV-01,house,2019,0.12,WV
WV-03,house,2019,0.0,WV
WV-02,house,2019,0.38,WV
WY-00,house,2019,0.38,WY
AL-07,house,2019,0.0,AL
AZ-07,house,2019,0.0,AZ
AZ-03,house,2019,0.0,AZ
AZ-02,house,2019,0.0,AZ
AZ-01,house,2019,0.0,AZ
AZ-09,house,2019,0.0,AZ
CA-03,house,2019,0.0,CA
CA-07,house,2019,0.0,CA
CA-06,house,2019,0.0,CA
CA-09,house,2019,0.0,CA
CO-06,house,2019,0.0,CO
CO-01,house,2019,0.0,CO
CO-02,house,2019,0.0,CO
CO-07,house,2019,0.0,CO
CT-02,house,2019,0.0,CT
CT-03,house,2019,0.0,CT
CT-05,house,2019,0.0,CT
CT-04,house,2019,0.0,CT
CT-01,house,2019,0.0,CT
DE-00,house,2019,0.0,DE
FL-05,house,2019,0.0,FL
FL-07,house,2019,0.0,FL
FL-09,house,2019,0.0,FL
GA-02,house,2019,0.0,GA
GA-04,house,2019,0.0,GA
GA-05,house,2019,0.0,GA
GA-06,house,2019,0.0,GA
HI-01,house,2019,0.0,HI
HI-02,house,2019,0.0,HI
IA-03,house,2019,0.0,IA
IA-01,house,2019,0.0,IA
IA-02,house,2019,0.0,IA
IL-06,house,2019,0.0,IL
IL-07,house,2019,0.0,IL
IL-04,house,2019,0.0,IL
IL-02,house,2019,0.0,IL
IL-08,house,2019,0.0,IL
IL-03,house,2019,0.0,IL
IL-05,house,2019,0.0,IL
IL-09,house,2019,0.0,IL
IN-07,house,2019,0.0,IN
IN-01,house,2019,0.0,IN
KS-03,house,2019,0.0,KS
KY-03,house,2019,0.0,KY
LA-02,house,2019,0.0,LA
MA-05,house,2019,0.0,MA
MA-09,house,2019,0.0,MA
MA-04,house,2019,0.0,MA
MA-08,house,2019,0.0,MA
MA-02,house,2019,0.0,MA
MA-06,house,2019,0.0,MA
MA-01,house,2019,0.0,MA
MA-07,house,2019,0.0,MA
MA-03,house,2019,0.0,MA
MD-04,house,2019,0.0,MD
MD-07,house,2019,0.0,MD
MD-05,house,2019,0.0,MD
MD-08,house,2019,0.0,MD
MD-02,house,2019,0.0,MD
MD-03,house,2019,0.0,MD
MD-06,house,2019,0.0,MD
ME-02,house,2019,0.0,ME
ME-01,house,2019,0.0,ME
MI-05,house,2019,0.0,MI
MI-09,house,2019,0.0,MI
MI-08,house,2019,0.0,MI
MN-02,house,2019,0.0,MN
MN-04,house,2019,0.0,MN
MN-05,house,2019,0.0,MN
MN-07,house,2019,0.0,MN
MN-03,house,2019,0.0,MN
MO-01,house,2019,0.0,MO
MO-05,house,2019,0.0,MO
MS-02,house,2019,0.0,MS
NC-04,house,2019,0.0,NC
NH-02,house,2019,0.0,NH
NH-01,house,2019,0.0,NH
NJ-05,house,2019,0.0,NJ
NJ-03,house,2019,0.0,NJ
NJ-07,house,2019,0.0,NJ
NJ-01,house,2019,0.0,NJ
NJ-06,house,2019,0.0,NJ
NJ-09,house,2019,0.0,NJ
NJ-08,house,2019,0.0,NJ
NJ-02,house,2019,0.0,NJ
NM-01,house,2019,0.0,NM
NM-03,house,2019,0.0,NM
NM-02,house,2019,0.17,NM
NV-04,house,2019,0.0,NV
NV-03,house,2019,0.0,NV
NV-01,house,2019,0.0,NV
NY-09,house,2019,0.0,NY
NY-08,house,2019,0.0,NY
NY-05,house,2019,0.0,NY
NY-06,house,2019,0.0,NY
NY-04,house,2019,0.0,NY
NY-03,house,2019,0.0,NY
NY-07,house,2019,0.0,NY
OH-03,house,2019,0.0,OH
OH-09,house,2019,0.0,OH
OK-05,house,2019,0.17,OK
OR-03,house,2019,0.0,OR
OR-01,house,2019,0.0,OR
OR-04,house,2019,0.0,OR
OR-05,house,2019,0.17,OR
PA-02,house,2019,0.0,PA
PA-08,house,2019,0.0,PA
PA-04,house,2019,0.0,PA
PA-03,house,2019,0.0,PA
PA-06,house,2019,0.0,PA
PA-05,house,2019,0.0,PA
PA-07,house,2019,0.0,PA
RI-01,house,2019,0.0,RI
RI-02,house,2019,0.0,RI
SC-06,house,2019,0.0,SC
SC-01,house,2019,0.17,SC
TN-09,house,2019,0.0,TN
TN-05,house,2019,0.0,TN
TX-07,house,2019,0.0,TX
TX-09,house,2019,0.0,TX
UT-04,house,2019,0.17,UT
VA-08,house,2019,0.0,VA
VA-02,house,2019,0.0,VA
VA-04,house,2019,0.0,VA
VA-03,house,2019,0.0,VA
VA-07,house,2019,0.0,VA
VT-00,house,2019,0.0,VT
WA-01,house,2019,0.0,WA
WA-07,house,2019,0.0,WA
WA-06,house,2019,0.0,WA
WA-02,house,2019,0.0,WA
WA-08,house,2019,0.0,WA
WA-09,house,2019,0.0,WA
WI-03,house,2019,0.0,WI
WI-04,house,2019,0.0,WI
WI-02,house,2019,0.0,WI
N\A,senate,2019,0.06,AK
N\A,senate,2019,0.0,AL
N\A,senate,2019,0.19,AR
N\A,senate,2019,0.0,AZ
N\A,senate,2019,0.08,CO
N\A,senate,2019,0.56,FL
N\A,senate,2019,0.12,GA
N\A,senate,2019,0.25,IA
N\A,senate,2019,0.38,ID
N\A,senate,2019,0.44,IN
N\A,senate,2019,0.06,KS
N\A,senate,2019,0.5,KY
N\A,senate,2019,0.38,LA
N\A,senate,2019,0.0,ME
N\A,senate,2019,0.38,MO
N\A,senate,2019,0.06,MS
N\A,senate,2019,0.31,MT
N\A,senate,2019,0.19,NC
N\A,senate,2019,0.0,ND
N\A,senate,2019,0.69,NE
N\A,senate,2019,0.0,OH
N\A,senate,2019,0.62,OK
N\A,senate,2019,0.62,PA
N\A,senate,2019,0.31,SC
N\A,senate,2019,0.25,SD
N\A,senate,2019,0.31,TN
N\A,senate,2019,0.62,TX
N\A,senate,2019,0.69,UT
N\A,senate,2019,0.38,WI
N\A,senate,2019,0.0,WV
N\A,senate,2019,0.38,WY
N\A,senate,2019,0.0,CA
N\A,senate,2019,0.0,CT
N\A,senate,2019,0.0,DE
N\A,senate,2019,0.0,HI
N\A,senate,2019,0.0,IL
N\A,senate,2019,0.0,MA
N\A,senate,2019,0.0,MD
N\A,senate,2019,0.0,MI
N\A,senate,2019,0.0,MN
N\A,senate,2019,0.0,NH
N\A,senate,2019,0.0,NJ
N\A,senate,2019,0.0,NM
N\A,senate,2019,0.0,NV
N\A,senate,2019,0.0,NY
N\A,senate,2019,0.0,OR
N\A,senate,2019,0.0,RI
N\A,senate,2019,0.0,VA
N\A,senate,2019,0.0,VT
N\A,senate,2019,0.0,WA
AK-00,house,2020,0.0,AK
AL-04,house,2020,0.2,AL
AL-05,house,2020,0.6,AL
AL-01,house,2020,0.0,AL
AL-06,house,2020,0.4,AL
AL-02,house,2020,0.0,AL
AL-03,house,2020,0.2,AL
AR-01,house,2020,0.2,AR
AR-02,house,2020,0.0,AR
AR-04,house,2020,0.0,AR
AR-03,house,2020,0.2,AR
AZ-05,house,2020,1.0,AZ
AZ-04,house,2020,0.8,AZ
AZ-08,house,2020,0.2,AZ
AZ-06,house,2020,0.4,AZ
CA-04,house,2020,0.09,CA
CA-08,house,2020,0.0,CA
CA-02,house,2020,0.02,CA
CA-01,house,2020,0.02,CA
CO-04,house,2020,1.0,CO
CO-05,house,2020,0.6,CO
CO-03,house,2020,0.4,CO
FL-01,house,2020,0.23,FL
FL-02,house,2020,0.03,FL
FL-08,house,2020,0.6,FL
FL-04,house,2020,0.0,FL
FL-06,house,2020,0.4,FL
FL-03,house,2020,0.4,FL
GA-01,house,2020,0.3,GA
GA-09,house,2020,0.2,GA
GA-03,house,2020,0.2,GA
GA-08,house,2020,0.0,GA
GA-07,house,2020,0.2,GA
IA-04,house,2020,0.4,IA
ID-01,house,2020,0.4,ID
ID-02,house,2020,0.0,ID
IL-01,house,2020,0.09,IL
IN-04,house,2020,0.2,IN
IN-03,house,2020,0.8,IN
IN-05,house,2020,0.0,IN
IN-08,house,2020,0.0,IN
IN-09,house,2020,0.8,IN
IN-06,house,2020,0.0,IN
IN-02,house,2020,0.0,IN
KS-04,house,2020,0.4,KS
KS-01,house,2020,0.0,KS
KS-02,house,2020,0.0,KS
KY-06,house,2020,0.0,KY
KY-01,house,2020,0.2,KY
KY-02,house,2020,0.0,KY
KY-04,house,2020,1.0,KY
KY-05,house,2020,0.0,KY
LA-05,house,2020,0.0,LA
LA-06,house,2020,0.2,LA
LA-03,house,2020,0.8,LA
LA-04,house,2020,0.2,LA
LA-01,house,2020,0.2,LA
MD-01,house,2020,0.2,MD
MI-01,house,2020,0.08,MI
MI-02,house,2020,0.0,MI
MI-04,house,2020,0.0,MI
MI-06,house,2020,0.0,MI
MI-07,house,2020,0.2,MI
MN-06,house,2020,0.2,MN
MN-01,house,2020,0.2,MN
MN-08,house,2020,0.0,MN
MO-06,house,2020,0.2,MO
MO-04,house,2020,0.2,MO
MO-07,house,2020,0.4,MO
MO-03,house,2020,0.2,MO
MO-08,house,2020,0.6,MO
MO-02,house,2020,0.0,MO
MS-03,house,2020,0.2,MS
MS-01,house,2020,0.6,MS
MS-04,house,2020,0.2,MS
MT-00,house,2020,0.0,MT
NC-09,house,2020,0.6,NC
NC-01,house,2020,0.17,NC
NC-05,house,2020,0.0,NC
NC-02,house,2020,0.0,NC
NC-08,house,2020,0.0,NC
NC-03,house,2020,0.0,NC
NC-07,house,2020,0.2,NC
NC-06,house,2020,0.4,NC
ND-00,house,2020,0.8,ND
NE-02,house,2020,0.0,NE
NE-01,house,2020,0.0,NE
NE-03,house,2020,0.2,NE
NJ-04,house,2020,0.0,NJ
NJ-02,house,2020,0.0,NJ
NV-02,house,2020,0.0,NV
NY-02,house,2020,0.03,NY
NY-01,house,2020,0.0,NY
OH-01,house,2020,0.03,OH
OH-08,house,2020,0.6,OH
OH-07,house,2020,0.0,OH
OH-06,house,2020,0.2,OH
OH-04,house,2020,0.8,OH
OH-05,house,2020,0.2,OH
OH-02,house,2020,0.2,OH
OK-04,house,2020,0.0,OK
OK-01,house,2020,0.4,OK
OK-03,house,2020,0.2,OK
OK-02,house,2020,0.4,OK
OR-02,house,2020,0.0,OR
PA-01,house,2020,0.19,PA
PA-09,house,2020,0.0,PA
SC-03,house,2020,0.2,SC
SC-05,house,2020,0.8,SC
SC-07,house,2020,0.6,SC
SC-04,house,2020,0.6,SC
SC-02,house,2020,0.2,SC
SD-00,house,2020,0.2,SD
TN-02,house,2020,0.6,TN
TN-04,house,2020,0.6,TN
TN-03,house,2020,0.0,TN
TN-07,house,2020,0.6,TN
TN-08,house,2020,0.0,TN
TN-01,house,2020,0.0,TN
TN-06,house,2020,0.4,TN
TX-01,house,2020,0.25,TX
TX-03,house,2020,0.23,TX
TX-08,house,2020,0.2,TX
TX-02,house,2020,0.27,TX
TX-05,house,2020,0.8,TX
TX-04,house,2020,0.0,TX
TX-06,house,2020,0.2,TX
UT-01,house,2020,0.2,UT
UT-03,house,2020,0.6,UT
UT-02,house,2020,0.4,UT
VA-06,house,2020,0.4,VA
VA-09,house,2020,0.4,VA
VA-05,house,2020,0.0,VA
VA-01,house,2020,0.08,VA
WA-03,house,2020,0.0,WA
WA-04,house,2020,0.2,WA
WA-05,house,2020,0.0,WA
WI-08,house,2020,0.6,WI
WI-06,house,2020,0.6,WI
WI-05,house,2020,0.6,WI
WI-01,house,2020,0.6,WI
WI-07,house,2020,1.0,WI
WV-01,house,2020,0.2,WV
WV-03,house,2020,0.0,WV
WV-02,house,2020,0.8,WV
WY-00,house,2020,0.2,WY
AL-07,house,2020,0.0,AL
AZ-07,house,2020,0.0,AZ
AZ-03,house,2020,0.0,AZ
AZ-02,house,2020,0.0,AZ
AZ-01,house,2020,0.0,AZ
AZ-09,house,2020,0.0,AZ
CA-03,house,2020,0.0,CA
CA-07,house,2020,0.0,CA
CA-05,house,2020,0.0,CA
CA-06,house,2020,0.0,CA
CA-09,house,2020,0.0,CA
CO-06,house,2020,0.0,CO
CO-01,house,2020,0.0,CO
CO-02,house,2020,0.0,CO
CO-07,house,2020,0.0,CO
CT-02,house,2020,0.0,CT
CT-03,house,2020,0.0,CT
CT-05,house,2020,0.0,CT
CT-04,house,2020,0.0,CT
CT-01,house,2020,0.0,CT
DE-00,house,2020,0.0,DE
FL-05,house,2020,0.0,FL
FL-07,house,2020,0.0,FL
FL-09,house,2020,0.0,FL
GA-02,house,2020,0.0,GA
GA-05,house,2020,0.0,GA
GA-04,house,2020,0.0,GA
GA-06,house,2020,0.0,GA
HI-01,house,2020,0.0,HI
HI-02,house,2020,0.25,HI
IA-03,house,2020,0.0,IA
IA-01,house,2020,0.0,IA
IA-02,house,2020,0.0,IA
IL-06,house,2020,0.0,IL
IL-07,house,2020,0.0,IL
IL-04,house,2020,0.0,IL
IL-02,house,2020,0.0,IL
IL-08,house,2020,0.0,IL
IL-03,house,2020,0.0,IL
IL-05,house,2020,0.0,IL
IL-09,house,2020,0.0,IL
IN-07,house,2020,0.0,IN
IN-01,house,2020,0.25,IN
KS-03,house,2020,0.0,KS
KY-03,house,2020,0.0,KY
LA-02,house,2020,0.25,LA
MA-05,house,2020,0.0,MA
MA-09,house,2020,0.0,MA
MA-04,house,2020,0.0,MA
MA-08,house,2020,0.0,MA
MA-02,house,2020,0.0,MA
MA-06,house,2020,0.0,MA
MA-01,house,2020,0.0,MA
MA-07,house,2020,0.0,MA
MA-03,house,2020,0.0,MA
MD-04,house,2020,0.0,MD
MD-05,house,2020,0.0,MD
MD-07,house,2020,0.0,MD
MD-08,house,2020,0.0,MD
MD-02,house,2020,0.0,MD
MD-03,house,2020,0.0,MD
MD-06,house,2020,0.0,MD
ME-02,house,2020,0.0,ME
ME-01,house,2020,0.0,ME
MI-05,house,2020,0.0,MI
MI-09,house,2020,0.0,MI
MI-08,house,2020,0.0,MI
MN-02,house,2020,0.0,MN
MN-04,house,2020,0.0,MN
MN-05,house,2020,0.0,MN
MN-07,house,2020,0.0,MN
MN-03,house,2020,0.0,MN
MO-01,house,2020,0.0,MO
MO-05,house,2020,0.0,MO
MS-02,house,2020,0.0,MS
NC-04,house,2020,0.0,NC
NH-02,house,2020,0.0,NH
NH-01,house,2020,0.0,NH
NJ-05,house,2020,0.0,NJ
NJ-03,house,2020,0.0,NJ
NJ-07,house,2020,0.0,NJ
NJ-01,house,2020,0.0,NJ
NJ-06,house,2020,0.0,NJ
NJ-09,house,2020,0.0,NJ
NJ-08,house,2020,0.0,NJ
NM-01,house,2020,0.0,NM
NM-03,house,2020,0.0,NM
NM-02,house,2020,0.0,NM
NV-04,house,2020,0.0,NV
NV-03,house,2020,0.0,NV
NV-01,house,2020,0.0,NV
NY-09,house,2020,0.0,NY
NY-08,house,2020,0.0,NY
NY-05,house,2020,0.0,NY
NY-06,house,2020,0.0,NY
NY-04,house,2020,0.0,NY
NY-03,house,2020,0.0,NY
NY-07,house,2020,0.0,NY
OH-03,house,2020,0.0,OH
OH-09,house,2020,0.0,OH
OK-05,house,2020,0.0,OK
OR-03,house,2020,0.0,OR
OR-01,house,2020,0.0,OR
OR-04,house,2020,0.0,OR
OR-05,house,2020,0.0,OR
PA-02,house,2020,0.0,PA
PA-08,house,2020,0.0,PA
PA-04,house,2020,0.0,PA
PA-03,house,2020,0.0,PA
PA-06,house,2020,0.0,PA
PA-05,house,2020,0.0,PA
PA-07,house,2020,0.0,PA
RI-01,house,2020,0.0,RI
RI-02,house,2020,0.0,RI
SC-06,house,2020,0.0,SC
SC-01,house,2020,0.0,SC
TN-09,house,2020,0.0,TN
TN-05,house,2020,0.0,TN
TX-07,house,2020,0.0,TX
TX-09,house,2020,0.0,TX
UT-04,house,2020,0.0,UT
VA-08,house,2020,0.0,VA
VA-02,house,2020,0.0,VA
VA-04,house,2020,0.0,VA
VA-03,house,2020,0.0,VA
VA-07,house,2020,0.0,VA
VT-00,house,2020,0.0,VT
WA-01,house,2020,0.0,WA
WA-07,house,2020,0.0,WA
WA-06,house,2020,0.0,WA
WA-02,house,2020,0.0,WA
WA-08,house,2020,0.0,WA
WA-09,house,2020,0.0,WA
WI-03,house,2020,0.0,WI
WI-04,house,2020,0.0,WI
WI-02,house,2020,0.0,WI
N\A,senate,2020,0.0,AK
N\A,senate,2020,0.1,AL
N\A,senate,2020,0.0,AR
N\A,senate,2020,0.0,AZ
N\A,senate,2020,0.0,CO
N\A,senate,2020,0.25,FL
N\A,senate,2020,0.08,GA
N\A,senate,2020,0.0,IA
N\A,senate,2020,0.17,ID
N\A,senate,2020,0.17,IN
N\A,senate,2020,0.08,KS
N\A,senate,2020,0.33,KY
N\A,senate,2020,0.17,LA
N\A,senate,2020,0.0,ME
N\A,senate,2020,0.17,MO
N\A,senate,2020,0.08,MS
N\A,senate,2020,0.0,MT
N\A,senate,2020,0.0,NC
N\A,senate,2020,0.0,ND
N\A,senate,2020,0.17,NE
N\A,senate,2020,0.0,OH
N\A,senate,2020,0.17,OK
N\A,senate,2020,0.3,PA
N\A,senate,2020,0.0,SC
N\A,senate,2020,0.08,SD
N\A,senate,2020,0.25,TN
N\A,senate,2020,0.33,TX
N\A,senate,2020,0.33,UT
N\A,senate,2020,0.3,WI
N\A,senate,2020,0.0,WV
N\A,senate,2020,0.17,WY
N\A,senate,2020,0.0,CA
N\A,senate,2020,0.0,CT
N\A,senate,2020,0.0,DE
N\A,senate,2020,0.0,HI
N\A,senate,2020,0.0,IL
N\A,senate,2020,0.0,MA
N\A,senate,2020,0.0,MD
N\A,senate,2020,0.0,MI
N\A,senate,2020,0.0,MN
N\A,senate,2020,0.0,NH
N\A,senate,2020,0.0,NJ
N\A,senate,2020,0.0,NM
N\A,senate,2020,0.0,NV
N\A,senate,2020,0.0,NY
N\A,senate,2020,0.0,OR
N\A,senate,2020,0.0,RI
N\A,senate,2020,0.0,VA
N\A,senate,2020,0.0,VT
N\A,senate,2020,0.0,WA
AK-00,house,2021,0.0,AK
AL-04,house,2021,0.5,AL
AL-05,house,2021,0.75,AL
AL-01,house,2021,0.25,AL
AL-02,house,2021,0.5,AL
AL-06,house,2021,0.5,AL
AL-03,house,2021,0.25,AL
AR-01,house,2021,0.5,AR
AR-02,house,2021,0.25,AR
AR-04,house,2021,0.0,AR
AR-03,house,2021,0.0,AR
AZ-05,house,2021,1.0,AZ
AZ-04,house,2021,1.0,AZ
AZ-08,house,2021,0.25,AZ
AZ-06,house,2021,0.0,AZ
CA-04,house,2021,0.04,CA
CA-02,house,2021,0.0,CA
CA-05,house,2021,0.0,CA
CA-03,house,2021,0.0,CA
CA-01,house,2021,0.02,CA
CA-08,house,2021,0.0,CA
CO-03,house,2021,1.0,CO
CO-04,house,2021,0.5,CO
CO-05,house,2021,0.5,CO
FL-01,house,2021,0.14,FL
FL-03,house,2021,0.75,FL
FL-02,house,2021,0.0,FL
FL-08,house,2021,0.25,FL
FL-04,house,2021,0.25,FL
FL-06,house,2021,0.25,FL
GA-01,house,2021,0.35,GA
GA-09,house,2021,0.75,GA
GA-03,house,2021,0.0,GA
GA-08,house,2021,0.0,GA
IA-04,house,2021,0.0,IA
IA-01,house,2021,0.0,IA
IA-02,house,2021,0.0,IA
ID-01,house,2021,0.25,ID
ID-02,house,2021,0.0,ID
IL-01,house,2021,0.05,IL
IN-04,house,2021,0.25,IN
IN-03,house,2021,1.0,IN
IN-08,house,2021,0.0,IN
IN-09,house,2021,0.25,IN
IN-06,house,2021,0.25,IN
IN-05,house,2021,0.25,IN
IN-02,house,2021,0.25,IN
KS-04,house,2021,0.5,KS
KS-02,house,2021,0.25,KS
KS-01,house,2021,0.75,KS
KY-06,house,2021,0.0,KY
KY-01,house,2021,0.0,KY
KY-02,house,2021,0.0,KY
KY-04,house,2021,1.0,KY
KY-05,house,2021,0.0,KY
LA-06,house,2021,0.0,LA
LA-03,house,2021,0.5,LA
LA-04,house,2021,0.75,LA
LA-05,house,2021,0.0,LA
LA-01,house,2021,0.0,LA
MD-01,house,2021,1.0,MD
MI-01,house,2021,0.04,MI
MI-02,house,2021,0.25,MI
MI-03,house,2021,0.25,MI
MI-04,house,2021,0.0,MI
MI-06,house,2021,0.0,MI
MI-07,house,2021,0.0,MI
MN-06,house,2021,0.5,MN
MN-07,house,2021,0.25,MN
MN-01,house,2021,0.0,MN
MN-08,house,2021,0.25,MN
MO-06,house,2021,0.0,MO
MO-04,house,2021,0.0,MO
MO-07,house,2021,0.0,MO
MO-03,house,2021,0.0,MO
MO-08,house,2021,0.25,MO
MO-02,house,2021,0.0,MO
MS-03,house,2021,0.5,MS
MS-01,house,2021,0.5,MS
MS-04,house,2021,0.5,MS
MT-00,house,2021,1.0,MT
NC-09,house,2021,0.75,NC
NC-01,house,2021,0.15,NC
NC-05,house,2021,0.75,NC
NC-08,house,2021,0.0,NC
NC-03,house,2021,0.25,NC
NC-07,house,2021,0.75,NC
ND-00,house,2021,0.0,ND
NE-02,house,2021,0.0,NE
NE-01,house,2021,0.0,NE
NE-03,house,2021,0.0,NE
NJ-04,house,2021,0.0,NJ
NJ-02,house,2021,0.0,NJ
NM-02,house,2021,0.75,NM
NV-02,house,2021,0.0,NV
NY-02,house,2021,0.0,NY
NY-01,house,2021,0.02,NY
OH-01,house,2021,0.05,OH
OH-08,house,2021,1.0,OH
OH-07,house,2021,0.0,OH
OH-06,house,2021,0.0,OH
OH-04,house,2021,0.75,OH
OH-05,house,2021,0.0,OH
OH-02,house,2021,0.25,OH
OK-05,house,2021,0.0,OK
OK-04,house,2021,0.25,OK
OK-01,house,2021,0.5,OK
OK-03,house,2021,0.0,OK
OK-02,house,2021,0.25,OK
OR-02,house,2021,0.0,OR
PA-01,house,2021,0.13,PA
PA-09,house,2021,0.0,PA
SC-03,house,2021,0.5,SC
SC-01,house,2021,0.25,SC
SC-05,house,2021,0.75,SC
SC-07,house,2021,0.5,SC
SC-04,house,2021,0.0,SC
SC-02,house,2021,0.0,SC
SD-00,house,2021,0.25,SD
TN-02,house,2021,1.0,TN
TN-04,house,2021,0.25,TN
TN-03,house,2021,0.0,TN
TN-07,house,2021,0.75,TN
TN-01,house,2021,0.75,TN
TN-08,house,2021,0.0,TN
TN-06,house,2021,1.0,TN
TX-01,house,2021,0.2,TX
TX-03,house,2021,0.07,TX
TX-08,house,2021,0.0,TX
TX-02,house,2021,0.12,TX
TX-04,house,2021,0.25,TX
TX-05,house,2021,0.75,TX
TX-06,house,2021,0.0,TX
UT-03,house,2021,0.0,UT
UT-01,house,2021,0.0,UT
UT-04,house,2021,0.0,UT
UT-02,house,2021,0.25,UT
VA-06,house,2021,0.75,VA
VA-05,house,2021,1.0,VA
VA-09,house,2021,0.0,VA
VA-01,house,2021,0.0,VA
WA-03,house,2021,0.0,WA
WA-04,house,2021,0.25,WA
WA-05,house,2021,0.0,WA
WI-05,house,2021,0.0,WI
WI-08,house,2021,0.25,WI
WI-06,house,2021,0.5,WI
WI-01,house,2021,0.25,WI
WI-07,house,2021,0.5,WI
WV-01,house,2021,0.0,WV
WV-03,house,2021,0.0,WV
WV-02,house,2021,0.25,WV
WY-00,house,2021,0.25,WY
AL-07,house,2021,0.0,AL
AZ-07,house,2021,0.0,AZ
AZ-03,house,2021,0.0,AZ
AZ-02,house,2021,0.0,AZ
AZ-01,house,2021,0.0,AZ
AZ-09,house,2021,0.0,AZ
CA-07,house,2021,0.0,CA
CA-06,house,2021,0.0,CA
CA-09,house,2021,0.0,CA
CO-06,house,2021,0.0,CO
CO-01,house,2021,0.0,CO
CO-02,house,2021,0.0,CO
CO-07,house,2021,0.0,CO
CT-02,house,2021,0.0,CT
CT-03,house,2021,0.0,CT
CT-05,house,2021,0.0,CT
CT-04,house,2021,0.0,CT
CT-01,house,2021,0.0,CT
DE-00,house,2021,0.0,DE
FL-05,house,2021,0.0,FL
FL-07,house,2021,0.0,FL
FL-09,house,2021,0.0,FL
GA-02,house,2021,0.0,GA
GA-07,house,2021,0.0,GA
GA-04,house,2021,0.0,GA
GA-06,house,2021,0.0,GA
GA-05,house,2021,0.0,GA
HI-01,house,2021,0.0,HI
HI-02,house,2021,0.0,HI
IA-03,house,2021,0.0,IA
IL-06,house,2021,0.0,IL
IL-07,house,2021,0.0,IL
IL-04,house,2021,0.0,IL
IL-02,house,2021,0.0,IL
IL-08,house,2021,0.0,IL
IL-03,house,2021,0.0,IL
IL-05,house,2021,0.0,IL
IL-09,house,2021,0.0,IL
IN-07,house,2021,0.0,IN
IN-01,house,2021,0.0,IN
KS-03,house,2021,0.0,KS
KY-03,house,2021,0.0,KY
LA-02,house,2021,0.0,LA
MA-04,house,2021,0.0,MA
MA-05,house,2021,0.0,MA
MA-09,house,2021,0.0,MA
MA-08,house,2021,0.0,MA
MA-02,house,2021,0.0,MA
MA-06,house,2021,0.0,MA
MA-01,house,2021,0.0,MA
MA-07,house,2021,0.09,MA
MA-03,house,2021,0.0,MA
MD-04,house,2021,0.0,MD
MD-05,house,2021,0.0,MD
MD-07,house,2021,0.0,MD
MD-08,house,2021,0.0,MD
MD-02,house,2021,0.0,MD
MD-03,house,2021,0.0,MD
MD-06,house,2021,0.0,MD
ME-02,house,2021,0.27,ME
ME-01,house,2021,0.0,ME
MI-05,house,2021,0.0,MI
MI-09,house,2021,0.0,MI
MI-08,house,2021,0.0,MI
MN-02,house,2021,0.0,MN
MN-04,house,2021,0.0,MN
MN-05,house,2021,0.09,MN
MN-03,house,2021,0.0,MN
MO-01,house,2021,0.09,MO
MO-05,house,2021,0.0,MO
MS-02,house,2021,0.09,MS
NC-06,house,2021,0.0,NC
NC-04,house,2021,0.0,NC
NC-02,house,2021,0.0,NC
NH-02,house,2021,0.0,NH
NH-01,house,2021,0.0,NH
NJ-05,house,2021,0.0,NJ
NJ-03,house,2021,0.0,NJ
NJ-07,house,2021,0.0,NJ
NJ-01,house,2021,0.0,NJ
NJ-06,house,2021,0.0,NJ
NJ-09,house,2021,0.0,NJ
NJ-08,house,2021,0.0,NJ
NM-01,house,2021,0.0,NM
NM-03,house,2021,0.0,NM
NV-04,house,2021,0.0,NV
NV-03,house,2021,0.0,NV
NV-01,house,2021,0.0,NV
NY-09,house,2021,0.0,NY
NY-08,house,2021,0.0,NY
NY-05,house,2021,0.0,NY
NY-06,house,2021,0.0,NY
NY-04,house,2021,0.0,NY
NY-03,house,2021,0.0,NY
NY-07,house,2021,0.0,NY
OH-03,house,2021,0.0,OH
OH-09,house,2021,0.0,OH
OR-03,house,2021,0.0,OR
OR-01,house,2021,0.0,OR
OR-04,house,2021,0.0,OR
OR-05,house,2021,0.0,OR
PA-02,house,2021,0.0,PA
PA-08,house,2021,0.0,PA
PA-04,house,2021,0.0,PA
PA-03,house,2021,0.0,PA
PA-06,house,2021,0.0,PA
PA-05,house,2021,0.0,PA
PA-07,house,2021,0.0,PA
RI-01,house,2021,0.0,RI
RI-02,house,2021,0.0,RI
SC-06,house,2021,0.0,SC
TN-09,house,2021,0.0,TN
TN-05,house,2021,0.0,TN
TX-07,house,2021,0.0,TX
TX-09,house,2021,0.0,TX
VA-08,house,2021,0.0,VA
VA-02,house,2021,0.0,VA
VA-04,house,2021,0.0,VA
VA-03,house,2021,0.0,VA
VA-07,house,2021,0.0,VA
VT-00,house,2021,0.0,VT
WA-01,house,2021,0.0,WA
WA-07,house,2021,0.0,WA
WA-06,house,2021,0.0,WA
WA-02,house,2021,0.0,WA
WA-08,house,2021,0.0,WA
WA-09,house,2021,0.0,WA
WI-03,house,2021,0.09,WI
WI-04,house,2021,0.0,WI
WI-02,house,2021,0.0,WI
N\A,senate,2021,0.2,AK
N\A,senate,2021,0.5,AL
N\A,senate,2021,0.7,AR
N\A,senate,2021,0.7,FL
N\A,senate,2021,0.5,IA
N\A,senate,2021,0.4,ID
N\A,senate,2021,0.6,IN
N\A,senate,2021,0.6,KS
N\A,senate,2021,0.3,KY
N\A,senate,2021,0.3,LA
N\A,senate,2021,0.2,ME
N\A,senate,2021,0.5,MO
N\A,senate,2021,0.3,MS
N\A,senate,2021,0.25,MT
N\A,senate,2021,0.0,NC
N\A,senate,2021,0.4,ND
N\A,senate,2021,0.5,NE
N\A,senate,2021,0.0,OH
N\A,senate,2021,0.5,OK
N\A,senate,2021,0.25,PA
N\A,senate,2021,0.4,SC
N\A,senate,2021,0.1,SD
N\A,senate,2021,0.6,TN
N\A,senate,2021,0.4,TX
N\A,senate,2021,0.5,UT
N\A,senate,2021,0.25,WI
N\A,senate,2021,0.0,WV
N\A,senate,2021,0.7,WY
N\A,senate,2021,0.0,AZ
N\A,senate,2021,0.0,CA
N\A,senate,2021,0.0,CO
N\A,senate,2021,0.0,CT
N\A,senate,2021,0.0,DE
N\A,senate,2021,0.0,GA
N\A,senate,2021,0.0,HI
N\A,senate,2021,0.0,IL
N\A,senate,2021,0.0,MA
N\A,senate,2021,0.0,MD
N\A,senate,2021,0.0,MI
N\A,senate,2021,0.0,MN
N\A,senate,2021,0.0,NH
N\A,senate,2021,0.0,NJ
N\A,senate,2021,0.0,NM
N\A,senate,2021,0.0,NV
N\A,senate,2021,0.0,NY
N\A,senate,2021,0.0,OR
N\A,senate,2021,0.0,RI
N\A,senate,2021,0.0,VA
N\A,senate,2021,0.0,VT
N\A,senate,2021,0.0,WA
AK-00,house,2022,0.0,AK
AL-04,house,2022,0.67,AL
AL-05,house,2022,1.0,AL
AL-01,house,2022,0.67,AL
AL-02,house,2022,1.0,AL
AL-06,house,2022,1.0,AL
AL-03,house,2022,1.0,AL
AR-01,house,2022,0.67,AR
AR-02,house,2022,1.0,AR
AR-04,house,2022,1.0,AR
AR-03,house,2022,0.33,AR
AZ-05,house,2022,1.0,AZ
AZ-04,house,2022,1.0,AZ
AZ-08,house,2022,0.67,AZ
AZ-06,house,2022,1.0,AZ
CA-04,house,2022,0.12,CA
CA-02,house,2022,0.09,CA
CA-05,house,2022,0.09,CA
CA-03,house,2022,0.02,CA
CA-01,house,2022,0.06,CA
CA-08,house,2022,0.67,CA
CO-03,house,2022,1.0,CO
CO-04,house,2022,1.0,CO
CO-05,house,2022,1.0,CO
FL-01,house,2022,0.59,FL
FL-03,house,2022,1.0,FL
FL-02,house,2022,0.11,FL
FL-08,house,2022,1.0,FL
FL-04,house,2022,0.33,FL
FL-06,house,2022,1.0,FL
GA-01,house,2022,0.75,GA
GA-09,house,2022,1.0,GA
GA-03,house,2022,1.0,GA
GA-08,house,2022,1.0,GA
IA-04,house,2022,1.0,IA
IA-01,house,2022,0.33,IA
IA-02,house,2022,0.33,IA
ID-01,house,2022,1.0,ID
ID-02,house,2022,0.33,ID
IL-01,house,2022,0.3,IL
IN-04,house,2022,1.0,IN
IN-03,house,2022,1.0,IN
IN-08,house,2022,1.0,IN
IN-09,house,2022,1.0,IN
IN-06,house,2022,0.67,IN
IN-05,house,2022,1.0,IN
IN-02,house,2022,1.0,IN
KS-04,house,2022,1.0,KS
KS-02,house,2022,0.67,KS
KS-01,house,2022,1.0,KS
KY-06,house,2022,1.0,KY
KY-01,house,2022,1.0,KY
KY-02,house,2022,1.0,KY
KY-04,house,2022,1.0,KY
KY-05,house,2022,0.33,KY
LA-06,house,2022,1.0,LA
LA-03,house,2022,1.0,LA
LA-04,house,2022,1.0,LA
LA-05,house,2022,0.67,LA
LA-01,house,2022,1.0,LA
MD-01,house,2022,0.67,MD
MI-01,house,2022,0.23,MI
MI-02,house,2022,1.0,MI
MI-03,house,2022,0.33,MI
MI-04,house,2022,0.67,MI
MI-06,house,2022,0.33,MI
MI-07,house,2022,1.0,MI
MN-06,house,2022,1.0,MN
MN-07,house,2022,1.0,MN
MN-01,house,2022,1.0,MN
MN-08,house,2022,1.0,MN
MO-06,house,2022,1.0,MO
MO-04,house,2022,1.0,MO
MO-07,house,2022,1.0,MO
MO-03,house,2022,1.0,MO
MO-08,house,2022,1.0,MO
MO-02,house,2022,1.0,MO
MS-03,house,2022,1.0,MS
MS-01,house,2022,1.0,MS
MS-04,house,2022,0.67,MS
MT-00,house,2022,1.0,MT
NC-09,house,2022,1.0,NC
NC-01,house,2022,0.47,NC
NC-05,house,2022,0.67,NC
NC-08,house,2022,1.0,NC
NC-03,house,2022,1.0,NC
NC-07,house,2022,1.0,NC
ND-00,house,2022,1.0,ND
NE-02,house,2022,1.0,NE
NE-01,house,2022,0.5,NE
NE-03,house,2022,1.0,NE
NJ-04,house,2022,1.0,NJ
NJ-02,house,2022,1.0,NJ
NM-02,house,2022,1.0,NM
NV-02,house,2022,0.33,NV
NY-02,house,2022,0.31,NY
NY-01,house,2022,0.06,NY
OH-01,house,2022,0.29,OH
OH-08,house,2022,1.0,OH
OH-07,house,2022,1.0,OH
OH-06,house,2022,1.0,OH
OH-04,house,2022,1.0,OH
OH-05,house,2022,1.0,OH
OH-02,house,2022,1.0,OH
OK-05,house,2022,0.67,OK
OK-04,house,2022,0.33,OK
OK-01,house,2022,1.0,OK
OK-03,house,2022,1.0,OK
OK-02,house,2022,1.0,OK
OR-02,house,2022,1.0,OR
PA-01,house,2022,0.56,PA
PA-09,house,2022,1.0,PA
SC-03,house,2022,1.0,SC
SC-01,house,2022,1.0,SC
SC-05,house,2022,1.0,SC
SC-07,house,2022,0.67,SC
SC-04,house,2022,1.0,SC
SC-02,house,2022,1.0,SC
SD-00,house,2022,1.0,SD
TN-02,house,2022,1.0,TN
TN-04,house,2022,1.0,TN
TN-03,house,2022,0.33,TN
TN-07,house,2022,1.0,TN
TN-01,house,2022,1.0,TN
TN-08,house,2022,1.0,TN
TN-06,house,2022,1.0,TN
TX-01,house,2022,0.51,TX
TX-03,house,2022,0.25,TX
TX-08,house,2022,0.33,TX
TX-02,house,2022,0.56,TX
TX-06,house,2022,0.67,TX
TX-04,house,2022,1.0,TX
TX-05,house,2022,1.0,TX
UT-03,house,2022,0.67,UT
UT-01,house,2022,1.0,UT
UT-04,house,2022,1.0,UT
UT-02,house,2022,0.67,UT
VA-06,house,2022,1.0,VA
VA-05,house,2022,1.0,VA
VA-09,house,2022,1.0,VA
VA-01,house,2022,0.23,VA
WA-03,house,2022,0.33,WA
WA-04,house,2022,0.33,WA
WA-05,house,2022,1.0,WA
WI-05,house,2022,1.0,WI
WI-08,house,2022,1.0,WI
WI-06,house,2022,1.0,WI
WI-01,house,2022,1.0,WI
WI-07,house,2022,1.0,WI
WV-01,house,2022,1.0,WV
WV-03,house,2022,1.0,WV
WV-02,house,2022,1.0,WV
WY-00,house,2022,0.67,WY
AL-07,house,2022,0.0,AL
AZ-07,house,2022,0.0,AZ
AZ-03,house,2022,0.0,AZ
AZ-02,house,2022,0.0,AZ
AZ-01,house,2022,0.0,AZ
AZ-09,house,2022,0.0,AZ
CA-07,house,2022,0.0,CA
CA-06,house,2022,0.0,CA
CA-09,house,2022,0.0,CA
CO-06,house,2022,0.0,CO
CO-01,house,2022,0.0,CO
CO-02,house,2022,0.0,CO
CO-07,house,2022,0.0,CO
CT-02,house,2022,0.0,CT
CT-03,house,2022,0.0,CT
CT-05,house,2022,0.0,CT
CT-04,house,2022,0.0,CT
CT-01,house,2022,0.0,CT
DE-00,house,2022,0.0,DE
FL-05,house,2022,0.0,FL
FL-07,house,2022,0.0,FL
FL-09,house,2022,0.0,FL
GA-02,house,2022,0.0,GA
GA-07,house,2022,0.0,GA
GA-04,house,2022,0.0,GA
GA-06,house,2022,0.0,GA
GA-05,house,2022,0.0,GA
HI-01,house,2022,0.0,HI
HI-02,house,2022,0.0,HI
IA-03,house,2022,0.0,IA
IL-06,house,2022,0.0,IL
IL-07,house,2022,0.0,IL
IL-04,house,2022,0.0,IL
IL-02,house,2022,0.0,IL
IL-08,house,2022,0.0,IL
IL-03,house,2022,0.0,IL
IL-05,house,2022,0.0,IL
IL-09,house,2022,0.0,IL
IN-07,house,2022,0.0,IN
IN-01,house,2022,0.0,IN
KS-03,house,2022,0.0,KS
KY-03,house,2022,0.0,KY
LA-02,house,2022,0.0,LA
MA-04,house,2022,0.0,MA
MA-05,house,2022,0.0,MA
MA-09,house,2022,0.0,MA
MA-08,house,2022,0.0,MA
MA-02,house,2022,0.0,MA
MA-06,house,2022,0.0,MA
MA-01,house,2022,0.0,MA
MA-07,house,2022,0.0,MA
MA-03,house,2022,0.0,MA
MD-04,house,2022,0.0,MD
MD-05,house,2022,0.0,MD
MD-07,house,2022,0.0,MD
MD-08,house,2022,0.0,MD
MD-02,house,2022,0.0,MD
MD-03,house,2022,0.0,MD
MD-06,house,2022,0.0,MD
ME-02,house,2022,0.2,ME
ME-01,house,2022,0.0,ME
MI-05,house,2022,0.0,MI
MI-09,house,2022,0.0,MI
MI-08,house,2022,0.0,MI
MN-02,house,2022,0.0,MN
MN-04,house,2022,0.0,MN
MN-05,house,2022,0.0,MN
MN-03,house,2022,0.0,MN
MO-01,house,2022,0.0,MO
MO-05,house,2022,0.0,MO
MS-02,house,2022,0.0,MS
NC-06,house,2022,0.0,NC
NC-04,house,2022,0.0,NC
NC-02,house,2022,0.0,NC
NH-02,house,2022,0.0,NH
NH-01,house,2022,0.0,NH
NJ-05,house,2022,0.2,NJ
NJ-03,house,2022,0.0,NJ
NJ-07,house,2022,0.0,NJ
NJ-01,house,2022,0.0,NJ
NJ-06,house,2022,0.0,NJ
NJ-09,house,2022,0.0,NJ
NJ-08,house,2022,0.0,NJ
NM-03,house,2022,0.0,NM
NM-01,house,2022,0.0,NM
NV-04,house,2022,0.0,NV
NV-03,house,2022,0.0,NV
NV-01,house,2022,0.0,NV
NY-09,house,2022,0.0,NY
NY-08,house,2022,0.0,NY
NY-05,house,2022,0.0,NY
NY-06,house,2022,0.0,NY
NY-04,house,2022,0.0,NY
NY-03,house,2022,0.0,NY
NY-07,house,2022,0.0,NY
OH-03,house,2022,0.0,OH
OH-09,house,2022,0.0,OH
OR-03,house,2022,0.0,OR
OR-01,house,2022,0.0,OR
OR-04,house,2022,0.0,OR
OR-05,house,2022,0.2,OR
PA-02,house,2022,0.0,PA
PA-08,house,2022,0.0,PA
PA-04,house,2022,0.0,PA
PA-03,house,2022,0.0,PA
PA-06,house,2022,0.0,PA
PA-05,house,2022,0.0,PA
PA-07,house,2022,0.0,PA
RI-01,house,2022,0.0,RI
RI-02,house,2022,0.0,RI
SC-06,house,2022,0.0,SC
TN-09,house,2022,0.0,TN
TN-05,house,2022,0.0,TN
TX-07,house,2022,0.0,TX
TX-09,house,2022,0.0,TX
VA-08,house,2022,0.0,VA
VA-02,house,2022,0.0,VA
VA-04,house,2022,0.0,VA
VA-03,house,2022,0.0,VA
VA-07,house,2022,0.0,VA
VT-00,house,2022,0.0,VT
WA-01,house,2022,0.0,WA
WA-07,house,2022,0.0,WA
WA-06,house,2022,0.0,WA
WA-02,house,2022,0.0,WA
WA-08,house,2022,0.0,WA
WA-09,house,2022,0.0,WA
WI-03,house,2022,0.2,WI
WI-04,house,2022,0.0,WI
WI-02,house,2022,0.0,WI
N\A,senate,2022,0.5,AK
N\A,senate,2022,0.25,AL
N\A,senate,2022,1.0,AR
N\A,senate,2022,0.75,FL
N\A,senate,2022,0.5,IA
N\A,senate,2022,1.0,ID
N\A,senate,2022,0.5,IN
N\A,senate,2022,0.5,KS
N\A,senate,2022,0.5,KY
N\A,senate,2022,0.5,LA
N\A,senate,2022,0.0,ME
N\A,senate,2022,0.5,MO
N\A,senate,2022,0.0,MS
N\A,senate,2022,0.33,MT
N\A,senate,2022,0.5,NC
N\A,senate,2022,1.0,ND
N\A,senate,2022,1.0,NE
N\A,senate,2022,0.0,OH
N\A,senate,2022,0.5,OK
N\A,senate,2022,0.33,PA
N\A,senate,2022,0.5,SC
N\A,senate,2022,0.5,SD
N\A,senate,2022,0.75,TN
N\A,senate,2022,0.5,TX
N\A,senate,2022,0.75,UT
N\A,senate,2022,0.33,WI
N\A,senate,2022,0.0,WV
N\A,senate,2022,0.5,WY
N\A,senate,2022,0.0,AZ
N\A,senate,2022,0.0,CA
N\A,senate,2022,0.0,CO
N\A,senate,2022,0.0,CT
N\A,senate,2022,0.0,DE
N\A,senate,2022,0.0,GA
N\A,senate,2022,0.0,HI
N\A,senate,2022,0.0,IL
N\A,senate,2022,0.0,MA
N\A,senate,2022,0.0,MD
N\A,senate,2022,0.0,MI
N\A,senate,2022,0.0,MN
N\A,senate,2022,0.0,NH
N\A,senate,2022,0.0,NJ
N\A,senate,2022,0.0,NM
N\A,senate,2022,0.0,NV
N\A,senate,2022,0.0,NY
N\A,senate,2022,0.0,OR
N\A,senate,2022,0.0,RI
N\A,senate,2022,0.0,VA
N\A,senate,2022,0.0,VT
N\A,senate,2022,0.0,WA
